Time,Brazil,Germany,France,India,US
1/22/20,0,0,0,0,1
1/23/20,0,0,0,0,1
1/24/20,0,2,0,0,2
1/25/20,0,3,0,0,2
1/26/20,0,3,0,0,5
1/27/20,0,3,1,0,5
1/28/20,0,4,4,0,5
1/29/20,0,5,4,0,6
1/30/20,0,5,4,1,6
1/31/20,0,5,5,1,8
2/1/20,0,6,8,1,8
2/2/20,0,6,10,2,8
2/3/20,0,6,12,3,11
2/4/20,0,6,12,3,11
2/5/20,0,6,12,3,11
2/6/20,0,6,12,3,12
2/7/20,0,6,13,3,12
2/8/20,0,11,13,3,12
2/9/20,0,11,14,3,12
2/10/20,0,11,14,3,12
2/11/20,0,11,16,3,13
2/12/20,0,11,16,3,13
2/13/20,0,11,16,3,14
2/14/20,0,11,16,3,14
2/15/20,0,12,16,3,14
2/16/20,0,12,16,3,14
2/17/20,0,12,16,3,14
2/18/20,0,12,16,3,14
2/19/20,0,12,16,3,14
2/20/20,0,12,16,3,14
2/21/20,0,12,16,3,16
2/22/20,0,12,16,3,16
2/23/20,0,12,16,3,16
2/24/20,0,12,16,3,16
2/25/20,0,14,16,3,16
2/26/20,1,18,21,3,16
2/27/20,1,38,26,3,17
2/28/20,1,57,53,3,17
2/29/20,2,100,66,3,25
3/1/20,2,130,117,3,32
3/2/20,2,191,150,5,55
3/3/20,2,212,188,5,74
3/4/20,4,288,262,28,107
3/5/20,4,426,400,30,184
3/6/20,13,616,639,31,237
3/7/20,13,948,795,34,403
3/8/20,20,1125,902,39,519
3/9/20,25,1411,1139,43,594
3/10/20,31,1783,1296,56,782
3/11/20,38,2293,1567,62,1147
3/12/20,52,2293,2369,73,1586
3/13/20,151,3681,3062,82,2219
3/14/20,151,4496,3795,102,2978
3/15/20,162,4532,4838,113,3212
3/16/20,200,6683,6012,119,4679
3/17/20,321,7715,7156,142,6512
3/18/20,372,9124,8198,156,9169
3/19/20,621,10970,10999,194,13663
3/20/20,793,12758,13957,244,20030
3/21/20,1021,14463,16662,330,26025
3/22/20,1546,16761,18610,396,34944
3/23/20,1924,20120,22672,499,46096
3/24/20,2247,22372,27436,536,56714
3/25/20,2554,25331,31554,657,68841
3/26/20,2985,29252,36508,727,86662
3/27/20,3417,33045,42288,887,105253
3/28/20,3904,37693,48582,987,127417
3/29/20,4256,40296,52547,1024,143544
3/30/20,4579,44645,57298,1251,165698
3/31/20,5717,52281,61913,1397,192079
4/1/20,6836,57125,67366,1998,227903
4/2/20,8044,59227,73522,2543,260183
4/3/20,9056,64452,79696,2567,292630
4/4/20,10360,47376,85778,3082,324340
4/5/20,11130,48225,91714,3588,353117
4/6/20,12161,50884,95391,4778,385110
4/7/20,14034,47395,99225,5311,415256
4/8/20,16170,51250,103228,5916,446500
4/9/20,18092,55034,108202,6725,482526
4/10/20,19638,56600,113525,7598,516707
4/11/20,20727,58045,117658,8446,545693
4/12/20,22192,108792,120479,9205,571551
4/13/20,23430,111933,123016,10453,598794
4/14/20,25262,129381,125098,11487,627306
4/15/20,28320,132588,127584,12322,653669
4/16/20,30425,145166,130450,13430,683351
4/17/20,33682,147057,133830,14352,716508
4/18/20,36658,150861,137439,15722,743857
4/19/20,38654,151955,139897,17615,768888
4/20/20,40743,154402,141672,18539,799531
4/21/20,43079,157068,143457,20080,825478
4/22/20,45757,158867,145694,21370,855445
4/23/20,50036,157158,148046,23077,887523
4/24/20,54043,159969,150383,24530,919014
4/25/20,59324,161647,152438,26283,949640
4/26/20,63100,162280,154175,27890,975537
4/27/20,67446,165966,155193,29451,1000230
4/28/20,73235,169098,156337,31324,1024834
4/29/20,79685,167643,157641,33062,1051643
4/30/20,87187,168861,159119,34863,1081150
5/1/20,92202,169387,160758,37257,1115972
5/2/20,97100,170179,161703,39699,1142619
5/3/20,101826,170540,162496,42505,1166189
5/4/20,108620,171102,163175,46437,1190240
5/5/20,115455,172219,163860,49400,1214321
5/6/20,126611,176355,164807,52987,1238694
5/7/20,135773,177096,166091,56351,1266904
5/8/20,146894,177627,167300,59695,1294111
5/9/20,156061,178155,168551,62808,1318358
5/10/20,162699,178404,169218,67161,1337061
5/11/20,169594,178719,169575,70768,1356283
5/12/20,178214,179472,170508,74292,1379661
5/13/20,190137,179993,171306,78055,1399662
5/14/20,203165,180635,172239,81997,1425539
5/15/20,220291,181148,173152,85784,1449938
5/16/20,233511,181563,173772,90648,1473806
5/17/20,241080,181703,174355,95698,1492449
5/18/20,255368,182147,174697,100328,1514833
5/19/20,271885,182648,175210,106475,1535591
5/20/20,294624,183129,176007,112028,1558430
5/21/20,312761,183396,176752,118226,1583542
5/22/20,334568,184152,177212,124794,1607464
5/23/20,351565,184698,177850,131423,1627392
5/24/20,366033,184259,178281,138536,1647513
5/25/20,378840,184584,178570,144950,1666699
5/26/20,395167,184839,179002,150793,1685395
5/27/20,415366,185012,179364,158086,1704200
5/28/20,443703,188355,179717,165386,1725329
5/29/20,470593,188949,180458,173491,1750066
5/30/20,502914,190743,181196,181827,1772783
5/31/20,516137,190975,181482,190609,1791547
6/1/20,531286,191382,181815,198370,1809384
6/2/20,562963,190735,182028,207191,1829340
6/3/20,589048,187509,182370,216824,1848388
6/4/20,621002,191869,182764,226713,1876099
6/5/20,653103,192450,183271,236184,1902280
6/6/20,676893,193022,183678,246622,1922433
6/7/20,694881,193363,183979,257486,1940242
6/8/20,712219,193637,184193,265928,1957154
6/9/20,743917,194190,184543,276146,1977478
6/10/20,777707,194815,184861,286605,1999224
6/11/20,806399,195179,185416,297535,2021527
6/12/20,830681,195980,185674,308993,2047082
6/13/20,851911,196477,186022,320922,2071218
6/14/20,868705,196867,186269,332424,2090171
6/15/20,893322,197003,186461,343091,2111266
6/16/20,930305,197666,186839,354065,2135894
6/17/20,961230,198155,187184,366946,2162973
6/18/20,986750,198741,187764,380532,2191211
6/19/20,1042809,199528,188534,395048,2222207
6/20/20,1106332,200147,189135,410451,2254073
6/21/20,1086536,200490,189822,425282,2279932
6/22/20,1114728,200632,190359,440215,2309921
6/23/20,1154255,201330,190862,456183,2348750
6/24/20,1195288,201598,191449,473105,2385029
6/25/20,1236752,201853,192079,490401,2424386
6/26/20,1281636,203116,192556,508953,2473472
6/27/20,1318556,203564,193243,528859,2514305
6/28/20,1351439,203157,193499,548318,2557223
6/29/20,1372989,203802,193761,566840,2598741
6/30/20,1412669,204244,194259,585481,2648797
7/1/20,1459494,205234,194725,604641,2698127
7/2/20,1503895,205773,195228,625544,2753211
7/3/20,1546935,206312,195674,648315,2804869
7/4/20,1580502,206670,196096,673165,2850893
7/5/20,1605695,206682,196335,697413,2904843
7/6/20,1630149,207700,196554,719664,2948475
7/7/20,1676848,208154,196944,742417,3005888
7/8/20,1722098,208976,197341,767296,3066392
7/9/20,1765060,209420,197783,793802,3126224
7/10/20,1809371,210135,198178,820916,3194746
7/11/20,1844318,210386,198556,849522,3255187
7/12/20,1867976,210402,198804,878254,3315407
7/13/20,1890869,211825,198963,906752,3375032
7/14/20,1933791,211887,199375,936181,3440789
7/15/20,1973933,212614,199726,968857,3507088
7/16/20,2017616,213183,200260,1003832,3577862
7/17/20,2052234,214009,200843,1039084,3644284
7/18/20,2077987,214174,201372,1077781,3708609
7/19/20,2101399,214178,201574,1118206,3767602
7/20/20,2124152,216089,201823,1155338,3828458
7/21/20,2171079,216684,202345,1193078,3896753
7/22/20,2237229,217605,202799,1238798,3964203
7/23/20,2294555,218841,203368,1288108,4031970
7/24/20,2351458,219932,204183,1337024,4106919
7/25/20,2398993,220016,204964,1385635,4170674
7/26/20,2421666,220020,205269,1435616,4226305
7/27/20,2449677,222508,205609,1480073,4286302
7/28/20,2503681,223072,206242,1531669,4350866
7/29/20,2559132,224542,206926,1581963,4414918
7/30/20,2617187,225936,207828,1634746,4484122
7/31/20,2670451,227239,208698,1695988,4548497
8/1/20,2711992,227301,209653,1750723,4605921
8/2/20,2736058,227304,209893,1803695,4652810
8/3/20,2756164,230665,210402,1855745,4694706
8/4/20,2812447,231636,211281,1908254,4756327
8/5/20,2868616,233344,212022,1964536,4810464
8/6/20,2922605,234945,213067,2027074,4870500
8/7/20,2972008,237332,214214,2088611,4930941
8/8/20,3018397,237402,215336,2153010,4994708
8/9/20,3041127,237408,215891,2215074,5048871
8/10/20,3067633,242168,216327,2268675,5100508
8/11/20,3118153,243576,217293,2329638,5157384
8/12/20,3173107,246180,218519,2396637,5212606
8/13/20,3233820,248850,219964,2461190,5264052
8/14/20,3283227,251764,221413,2525922,5334124
8/15/20,3320108,254974,222828,2589952,5386449
8/16/20,3343114,257994,223453,2647663,5421026
8/17/20,3367511,258629,224014,2702681,5459023
8/18/20,3416775,260748,225404,2767253,5503998
8/19/20,3465378,264535,226914,2836925,5549913
8/20/20,3508352,269335,228621,2905825,5595048
8/21/20,3540678,274289,230048,2975701,5642948
8/22/20,3586586,277763,232082,3044940,5688219
8/23/20,3608459,282498,232864,3106348,5720122
8/24/20,3631972,284474,233575,3167323,5754213
8/25/20,3678279,288067,234853,3224547,5796775
8/26/20,3726431,288354,236429,3310234,5838967
8/27/20,3768691,299580,237936,3387500,5889404
8/28/20,3812779,307205,239507,3463972,5935724
8/29/20,3850070,312665,240986,3542733,5978795
8/30/20,3864604,318047,241771,3621245,6012963
8/31/20,3914829,321160,242381,3691166,6046489
9/1/20,3959158,326264,243599,3769523,6088458
9/2/20,4005611,333351,244855,3853406,6128576
9/3/20,4052420,340473,246166,3936747,6173787
9/4/20,4091959,349333,247619,4023179,6222446
9/5/20,4125816,357927,248997,4113811,6265684
9/6/20,4140488,364943,249985,4204613,6294762
9/7/20,4150004,369209,250799,4280422,6319464
9/8/20,4168790,375947,252298,4370128,6346567
9/9/20,4205877,384546,253474,4465863,6380418
9/10/20,4246638,394308,255366,4562414,6420040
9/11/20,4288171,403837,256850,4659984,6464865
9/12/20,4318971,415174,258480,4754356,6510480
9/13/20,4332991,421519,259428,4846427,6550788
9/14/20,4353602,427839,260355,4930236,6583689
9/15/20,4388154,435665,261762,5020359,6621128
9/16/20,4425451,445932,263663,5118253,6659477
9/17/20,4461856,456171,265857,5214677,6704918
9/18/20,4501587,469404,267773,5308014,6755145
9/19/20,4531145,482964,270070,5400619,6800800
9/20/20,4546587,493500,271415,5487580,6842405
9/21/20,4564222,499039,272337,5562663,6874665
9/22/20,4599189,509123,274158,5646010,6912973
9/23/20,4631915,522355,275927,5732518,6954203
9/24/20,4663930,538264,278070,5818570,7003200
9/25/20,4696240,554368,280223,5903932,7050826
9/26/20,4720958,568588,282730,5992532,7094716
9/27/20,4734745,579223,284140,6074702,7128423
9/28/20,4751616,583522,285332,6145291,7164994
9/29/20,4784464,591527,287421,6225763,7207284
9/30/20,4817365,605893,289219,6312584,7246200
10/1/20,4853148,618918,291722,6394068,7292562
10/2/20,4885966,631354,294395,6473544,7346109
10/3/20,4908974,647868,296958,6549373,7395489
10/4/20,4917689,660372,299237,6623815,7428859
10/5/20,4943742,666011,300619,6685082,7466806
10/6/20,4975268,677321,303258,6757131,7511827
10/7/20,5006206,696274,306086,6835655,7561294
10/8/20,5033036,713676,310144,6906151,7619507
10/9/20,5060769,734707,314660,6979423,7674838
10/10/20,5084513,761384,319381,7053806,7730092
10/11/20,5096704,777378,322864,7120538,7776972
10/12/20,5105340,786590,325331,7175880,7819927
10/13/20,5118699,800216,329453,7239389,7870523
10/14/20,5146543,823181,334585,7307097,7929694
10/15/20,5176969,852938,341223,7370468,7993556
10/16/20,5205565,878572,348557,7432680,8063866
10/17/20,5226341,910711,356387,7494551,8118716
10/18/20,5238392,940548,361974,7550273,8171010
10/19/20,5254971,954838,366299,7597063,8239747
10/20/20,5278737,975214,373167,7651107,8302318
10/21/20,5304593,1002624,380762,7706946,8363743
10/22/20,5329357,1043437,392049,7761312,8443959
10/23/20,5359358,1086286,403291,7814682,8526091
10/24/20,5384342,1131551,418005,7864811,8604190
10/25/20,5396596,1138167,429181,7909959,8664567
10/26/20,5415207,1211177,437866,7946429,8729037
10/27/20,5445189,1245635,449275,7990322,8808014
10/28/20,5473540,1283185,464239,8040203,8896402
10/29/20,5500240,1329821,481013,8088851,8989081
10/30/20,5524593,1379295,499694,8137119,9089580
10/31/20,5537763,1414396,518753,8184082,9176352
11/1/20,5547951,1460575,532930,8229313,9254490
11/2/20,5556200,1566666,545027,8267623,9338428
11/3/20,5570782,1639267,560379,8313876,9465330
11/4/20,5594098,1593146,577593,8364086,9567399
11/5/20,5617943,1650966,597583,8411724,9697431
11/6/20,5638143,1711918,619089,8462080,9826558
11/7/20,5655887,1798573,642488,8507754,9953780
11/8/20,5666389,1837135,658505,8553657,10073148
11/9/20,5679803,1858559,671868,8591730,10192673
11/10/20,5726227,1881172,687200,8636011,10331774
11/11/20,5752474,1917578,705687,8683916,10481333
11/12/20,5786393,1950136,727553,8728795,10640976
11/13/20,5825111,1974271,751095,8773479,10819737
11/14/20,5851389,2006228,773556,8814579,10982694
11/15/20,5865295,2033420,790503,8845127,11121208
11/16/20,5881039,2043470,801327,8874290,11276945
11/17/20,5916529,2089073,815746,8912907,11444297
11/18/20,5951281,2117917,833307,8958483,11617713
11/19/20,5987143,2138706,855916,9004365,11809680
11/20/20,6025913,2161970,879564,9050597,12010765
11/21/20,6056135,2179640,902528,9095806,12188369
11/22/20,6074061,2192770,918269,9139865,12333604
11/23/20,6092219,2197832,929133,9177840,12517890
11/24/20,6126752,2207753,942687,9222216,12692858
11/25/20,6171380,2224508,961320,9266705,12874109
11/26/20,6212265,2237509,983588,9309787,12987020
11/27/20,6245773,2250283,1006394,9351109,13202222
11/28/20,6297258,2262760,1028089,9392919,13369711
11/29/20,6318270,2272523,1042700,9431691,13509384
11/30/20,6341965,2276830,1053869,9462809,13667915
12/1/20,6393950,2285273,1067473,9499413,13866746
12/2/20,6442425,2299501,1084743,9534964,14063762
12/3/20,6492564,2312288,1106789,9571559,14283185
12/4/20,6540235,2323799,1130238,9608211,14518319
12/5/20,6580517,2336681,1153556,9644222,14738242
12/6/20,6606947,2347630,1171323,9677203,14916373
12/7/20,6633971,2351041,1183655,9703770,15112614
12/8/20,6681767,2365085,1197709,9735850,15340113
12/9/20,6736358,2379760,1218524,9767371,15555848
12/10/20,6789908,2393632,1242203,9796744,15791625
12/11/20,6842458,2407121,1272078,9826775,16028527
12/12/20,6884782,2421068,1300516,9857029,16251283
12/13/20,6906811,2432601,1320716,9884100,16441925
12/14/20,6934191,2435793,1337078,9906165,16652286
12/15/20,6982223,2447518,1351510,9932547,16879507
12/16/20,7048347,2465238,1379238,9956557,17113650
12/17/20,7117046,2483636,1406161,9979447,17352824
12/18/20,7169899,2499511,1439938,10004599,17599264
12/19/20,7218141,2516939,1471238,10031223,17804289
12/20/20,7242625,2529797,1494009,10055560,17990458
12/21/20,7270270,2535757,1510652,10075116,18187883
12/22/20,7326935,2547618,1530180,10099066,18393673
12/23/20,7372614,2562604,1554920,10123778,18614460
12/24/20,7430825,2584322,1587115,10146845,18826055
12/25/20,7452008,2604584,1587115,10169118,18951579
12/26/20,7469541,2607677,1627103,10187850,19169547
12/27/20,7487155,2616544,1640858,10207871,19305730
12/28/20,7514592,2619650,1651834,10224303,19480363
12/29/20,7570963,2631144,1664726,10244852,19687204
12/30/20,7626563,2657658,1687185,10266674,19905952
12/31/20,7681032,2677660,1719737,10286709,20219878
1/1/21,7703971,2697018,1719737,10305788,20397398
1/2/21,7719324,2700484,1755351,10323965,20670022
1/3/21,7736514,2712975,1765666,10340469,20873235
1/4/21,7761553,2717059,1775513,10356844,21059968
1/5/21,7819636,2737892,1787410,10374932,21292110
1/6/21,7882143,2763078,1808647,10395278,21551825
1/7/21,7970112,2784845,1835038,10413417,21836888
1/8/21,8029698,2804705,1866887,10413417,22139748
1/9/21,8081091,2824882,1891581,10450284,22403252
1/10/21,8110118,2840826,1908527,10466595,22613198
1/11/21,8140865,2844642,1921024,10479179,22817700
1/12/21,8205289,2864399,1933826,10495147,23040116
1/13/21,8265116,2888331,1953426,10512093,23268791
1/14/21,8333445,2909666,1978590,10527683,23503715
1/15/21,8402542,2930983,2000958,10542841,23748051
1/16/21,8460987,2952392,2019636,10557985,23965033
1/17/21,8492403,2969034,2033518,10571773,24141198
1/18/21,8521336,2972832,2040659,10581823,24282482
1/19/21,8583485,2996855,2052028,10595639,24439496
1/20/21,8647962,3023613,2068002,10610883,24627164
1/21/21,8706912,3046323,2088400,10625428,24819191
1/22/21,8763517,3069647,2106262,10639684,25010547
1/23/21,8821815,3093740,2122679,10654533,25187886
1/24/21,8850334,3112176,2134936,10667736,25327681
1/25/21,8880864,3116477,2141665,10676838,25457654
1/26/21,8942472,3138619,2148077,10689527,25608948
1/27/21,9007244,3165570,2161275,10701193,25764113
1/28/21,9068004,3189378,2178828,10720048,25930828
1/29/21,9127507,3212613,2192850,10733130,26094127
1/30/21,9180621,3236658,2205171,10746174,26244536
1/31/21,9208521,3255994,2216363,10757610,26357107
2/1/21,9237011,3260382,2221971,10766245,26482919
2/2/21,9293289,3283719,2228085,10777284,26600309
2/3/21,9347703,3310125,2237790,10790183,26724684
2/4/21,9404810,3310145,2252001,10802591,26849337
2/5/21,9456500,3355752,2264909,10814304,26979744
2/6/21,9502810,3376340,2275394,10826363,27096024
2/7/21,9528972,3396055,2284010,10838194,27185193
2/8/21,9557558,3400398,2288545,10847304,27268355
2/9/21,9608775,3419418,2291924,10858371,27364113
2/10/21,9669883,3444827,2299996,10871294,27459808
2/11/21,9723487,3465903,2310233,10880603,27565960
2/12/21,9772429,3486612,2320093,10892746,27665519
2/13/21,9817285,3507843,2328447,10904940,27755867
2/14/21,9848008,3524518,2334561,10916589,27824057
2/15/21,9873816,3528924,2338987,10925710,27880161
2/16/21,9939100,3548520,2342843,10937320,27939999
2/17/21,9986325,3573560,2350399,10950201,28009004
2/18/21,10039804,3596078,2360606,10963394,28081254
2/19/21,10091961,3620205,2369719,10977387,28156128
2/20/21,10144332,3642576,2378883,10991651,28229709
2/21/21,10173817,3664622,2386559,11005850,28284962
2/22/21,10205663,3669276,2390928,11016434,28341018
2/23/21,10269248,3689469,2394811,11030176,28414848
2/24/21,10334634,3720996,2402818,11046914,28489829
2/25/21,10402913,3746410,2414687,11063491,28566889
2/26/21,10466308,3771626,2424684,11079979,28641812
2/27/21,10524726,3795736,2434446,11096731,28712642
2/28/21,10558091,3815688,2442336,11112241,28764298
3/1/21,10598476,3820418,2447068,11124527,28814420
3/2/21,10658171,3843290,2451011,11139516,28873096
3/3/21,10731070,3870101,2460030,11156923,28940164
3/4/21,10807092,3895387,2471942,11173761,29008605
3/5/21,10879597,3918894,2482522,11192045,29075787
3/6/21,10946501,3942286,2492079,11210799,29136550
3/7/21,11028185,3964121,2500182,11229398,29178094
3/8/21,11064770,3969673,2505193,11244786,29222842
3/9/21,11136064,3992853,2509445,11262707,29278673
3/10/21,11217531,4022514,2518591,11285561,29336393
3/11/21,11294602,4050606,2532947,11308846,29398148
3/12/21,11377073,4075681,2545781,11333728,29460422
3/13/21,11447416,4105444,2558455,11359048,29516680
3/14/21,11490864,4131895,2569245,11385339,29555246
3/15/21,11535178,4138369,2575849,11409831,29606783
3/16/21,11620823,4168396,2581329,11438734,29661862
3/17/21,11709475,4206916,2594764,11474605,29721741
3/18/21,11797401,4241990,2612268,11514331,29783944
3/19/21,11885660,4277108,2629750,11555284,29844854
3/20/21,11958814,4312451,2645783,11599130,29903121
3/21/21,12006259,4343115,2659516,11646081,29938533
3/22/21,12062229,4358924,2667225,11686796,29986970
3/23/21,12147437,4373620,2674710,11734058,30039696
3/24/21,12238343,4439011,2690523,11787534,30127521
3/25/21,12336604,4484672,2713180,11846652,30194910
3/26/21,12416950,4526554,2734753,11908910,30271054
3/27/21,12498653,4569179,2755225,11971624,30334846
3/28/21,12545611,4606307,2772401,12039644,30381218
3/29/21,12588226,4615413,2782273,12095855,30447861
3/30/21,12674667,4646136,2791822,12149335,30510083
3/31/21,12763392,4705186,2808873,12221665,30579485
4/1/21,12851165,4755862,2833173,12303131,30656330
4/2/21,12920540,4802545,2855061,12392260,30730194
4/3/21,12959895,4802711,2873190,12485509,30794703
4/4/21,12992213,4883346,2885386,12589067,30832570
4/5/21,13034887,4894139,2893883,12686049,30900794
4/6/21,13120019,4902195,2900768,12801785,30964189
4/7/21,13208715,4903122,2910445,12928574,31039928
4/8/21,13297270,5000155,2930852,13060542,31119772
4/9/21,13385380,5000319,2956316,13205926,31204184
4/10/21,13451932,5001723,2980413,13358805,31274548
4/11/21,13491107,5119625,2998268,13527717,31321879
4/12/21,13530757,5128175,3011513,13689453,31385081
4/13/21,13613418,5167305,3022323,13873825,31465794
4/14/21,13688024,5210812,3044016,14074564,31540756
4/15/21,13759207,5248857,3073442,14291917,31614984
4/16/21,13843594,5285307,3099273,14526609,31697732
4/17/21,13912159,5321180,3123077,14788003,31753116
4/18/21,13950997,5350558,3142262,15061805,31796939
4/19/21,13987519,5357266,3153699,15320972,31856774
4/20/21,14060162,5401341,3163308,15616130,31919203
4/21/21,14134150,5436265,3188192,15930774,31983893
4/22/21,14182258,5469669,3217710,16263695,32050106
4/23/21,14251539,5502009,3245253,16610481,32112756
4/24/21,14315320,5534651,3268645,16960172,32167063
4/25/21,14348961,5559156,3287418,17313163,32201471
4/26/21,14381359,5565113,3299325,17636186,32244759
4/27/21,14457203,5595437,3310301,17997113,32296816
4/28/21,14534482,5626979,3332532,18376421,32352650
4/29/21,14603096,5653526,3357268,18762976,32410329
4/30/21,14675104,5677829,3381597,19164969,32468055
5/1/21,14733396,5703499,3400532,19557457,32516226
5/2/21,14762684,5713420,3416822,19925517,32546822
5/3/21,14801673,5717187,3425982,20282833,32592222
5/4/21,14871208,5741564,3433516,20664979,32634949
5/5/21,14947580,5767568,3451550,21077410,32680744
5/6/21,15019870,5789281,3473503,21491598,32726689
5/7/21,15096714,5808420,3491988,21892676,32774854
5/8/21,15158475,5829199,3507673,22296081,32809818
5/9/21,15191195,5838327,3520329,22662575,32832557
5/10/21,15227496,5841626,3527251,22992517,32865353
5/11/21,15297602,5861417,3533376,23340938,32900633
5/12/21,15373850,5882915,3548285,23703665,32936594
5/13/21,15453880,5902376,3565704,24046809,32974477
5/14/21,15531794,5909419,3577040,24372907,33016059
5/15/21,15599145,5925104,3584934,24684077,33046540
5/16/21,15636709,5939130,3593434,24965463,33064172
5/17/21,15672307,5942481,3598846,25228996,33089703
5/18/21,15747112,5959704,3603055,25496330,33118721
5/19/21,15827375,5978761,3614095,25772440,33147765
5/20/21,15910762,5629921,3626393,26031991,33177770
5/21/21,15987393,5642724,3635162,26289290,33206435
5/22/21,16055289,5655335,3642244,26530132,33227352
5/23/21,16093784,5665101,3648958,26752447,33241140
5/24/21,16131264,5667331,3651640,26948874,33263298
5/25/21,16205305,5670486,3653551,27157795,33287104
5/26/21,16285550,5683143,3656177,27369093,33311455
5/27/21,16350081,5697076,3662490,27555457,33338001
5/28/21,16403969,5708350,3669870,27729247,33359917
5/29/21,16479832,5719877,3675296,27894800,33372891
5/30/21,16521281,5728539,3679148,28047534,33380097
5/31/21,16557888,5728909,3681126,28175044,33386447
6/1/21,16636801,5738762,3682911,28307832,33407540
6/2/21,16733079,5740116,3687828,28441986,33424131
6/3/21,16809146,5755675,3692468,28574350,33442100
6/4/21,16852317,5762633,3695633,28694879,33459613
6/5/21,16913984,5769287,3697927,28809339,33474770
6/6/21,16954327,5774467,3700367,28909975,33480666
6/7/21,16994043,5775641,3701484,28996473,33494852
6/8/21,17049756,5781662,3702688,29089069,33507651
6/9/21,17134623,5787231,3705942,29182532,33525852
6/10/21,17225867,5791714,3709129,29274823,33540369
6/11/21,17312179,5795593,3711569,29359155,33564873
6/12/21,17385952,5799565,3713480,29439989,33573694
6/13/21,17422936,5802538,3714969,29510410,33578723
6/14/21,17465628,5803236,3715518,29570881,33590628
6/15/21,17552769,5806479,3716170,29633105,33601271
6/16/21,17639297,5809543,3717625,29700313,33613025
6/17/21,17715789,5811592,3718955,29762793,33624547
6/18/21,17811233,5814779,3720031,29823546,33645533
6/19/21,17889167,5817403,3720031,29881772,33654422
6/20/21,17933754,5819313,3721981,29935221,33659351
6/21/21,17979164,5819809,3722327,29977861,33670079
6/22/21,18103412,5822022,3722782,30028709,33680849
6/23/21,18180808,5824352,3723798,30082778,33693339
6/24/21,18257432,5826360,3724806,30134445,33707534
6/25/21,18332493,5828348,3725580,30183143,33732043
6/26/21,18393158,5830476,3726172,30233183,33741088
6/27/21,18425138,5832110,3726710,30279331,33745750
6/28/21,18457197,5832628,3726929,30316897,33759515
6/29/21,18523153,5836023,3727333,30362848,33767046
6/30/21,18570296,5837403,3728141,30411634,33782325
7/1/21,18631426,5840067,3729033,30458251,33797251
7/2/21,18694998,5842754,3729682,30502362,33826847
7/3/21,18748731,5845760,3729682,30545433,33832133
7/4/21,18774193,5848365,3729682,30585229,33836404
7/5/21,18802128,5849167,3731124,30619932,33845569
7/6/21,18863811,5852755,3731564,30663665,33868137
7/7/21,18917978,5856838,3732549,30709557,33888276
7/8/21,18972125,5861284,3733519,30752950,33909160
7/9/21,19030577,5865864,3734468,30795716,33956134
7/10/21,19074698,5870560,3734468,30837222,33966176
7/11/21,19093845,5874874,3734468,30874376,33977944
7/12/21,19113078,5876142,3736489,30907282,34007605
7/13/21,19161644,5883100,3737135,30946147,34034110
7/14/21,19217741,5884550,3738683,30987880,34065230
7/15/21,19272139,5895608,3740325,31026829,34097162
7/16/21,19315054,5906543,3741781,31064908,34175193
7/17/21,19364084,5917548,3741781,31106065,34189264
7/18/21,19380831,5930080,3741781,31144229,34209648
7/19/21,19397587,5934273,3745227,31174322,34258861
7/20/21,19428736,5952490,3746410,31216337,34298786
7/21/21,19484572,5974063,3748613,31257720,34346640
7/22/21,19533253,5996163,3750503,31293062,34403067
7/23/21,19640373,6015572,3752592,31332159,34523848
7/24/21,19675021,6041313,3752592,31371901,34553243
7/25/21,19693277,6056555,3752592,31411262,34581897
7/26/21,19714719,6061969,3756856,31440951,34660435
7/27/21,19758310,6089097,3758401,31484605,34725586
7/28/21,19805359,6117020,3761169,31528114,34799156
7/29/21,19846680,6142449,3764311,31572344,34871512
7/30/21,19887058,6166759,3766765,31613993,35062668
7/31/21,19922146,6190621,3766765,31655824,35107404
8/1/21,19942499,6210335,3766765,31695958,35152818
8/2/21,19961374,6218927,3772109,31726507,35260292
8/3/21,19993870,6243225,3773875,31769132,35358371
8/4/21,20034407,6272466,3777446,31812114,35460776
8/5/21,20073891,6299415,3780985,31856757,35570380
8/6/21,20116562,6325146,3784433,31895385,35822339
8/7/21,20156095,6351003,3784433,31934455,35886266
8/8/21,20169989,6371463,3784433,31969954,35922000
8/9/21,20185531,6378681,3791949,31998158,36080392
8/10/21,20220993,6407573,3794429,32036511,36198713
8/11/21,20256436,6440367,3799425,32077706,36353207
8/12/21,20292294,6470038,3805063,32117826,36497053
8/13/21,20325289,6497785,3810641,32156493,36723765
8/14/21,20354591,6522212,3810641,32192576,36798001
8/15/21,20368358,6543481,3810641,32225513,36845900
8/16/21,20386548,6556878,3823139,32250679,37039222
8/17/21,20425554,6582001,3827051,32285857,37190452
8/18/21,20465725,6612028,3835375,32322258,37357711
8/19/21,20501738,6637417,3843775,32358829,37513087
8/20/21,20535951,6660365,3853055,32393286,37752090
8/21/21,20561273,6683078,3853055,32424234,37845679
8/22/21,20575218,6700378,3853055,32449306,37891095
8/23/21,20590872,6708289,3871865,32474773,38097261
8/24/21,20622681,6734203,3877612,32512366,38252484
8/25/21,20652660,6757909,3889173,32558530,38431638
8/26/21,20683583,6777592,3901799,32603188,38615429
8/27/21,20711339,6778049,3913828,32649947,38853774
8/28/21,20734286,6813680,3913828,32695030,38933859
8/29/21,20745549,6827310,3913828,32737939,38987089
8/30/21,20758350,6834998,3937106,32768880,39215007
8/31/21,20785196,6835022,3942856,32810845,39395088
9/1/21,20810944,6868151,3956387,32857937,39585475
9/2/21,20837967,6882305,3970102,32903289,39764655
9/3/21,20861571,6897529,3984353,32945907,39999770
9/4/21,20881896,6910865,3984353,32988673,40087140
9/5/21,20894557,6921275,3984353,33027621,40151883
9/6/21,20904729,6924325,4010390,33058843,40241920
9/7/21,20918333,6938866,4017116,33096718,40452004
9/8/21,20932515,6944797,4030681,33139981,40629628
9/9/21,20965338,6962917,4046112,33174954,40796334
9/10/21,20981793,6972934,4059081,33208330,41038024
9/11/21,20995555,6982683,4059081,33236921,41128599
9/12/21,21003416,6990662,4059081,33264175,41178219
9/13/21,21012064,6992980,4083151,33289579,41385902
9/14/21,21025635,7007436,4089476,33316755,41531511
9/15/21,21038911,7007819,4101931,33347325,41704724
9/16/21,21074358,7022203,4114856,33381728,41863377
9/17/21,21109695,7029959,4125878,33417390,42074007
9/18/21,21234573,7037931,4125878,33448163,42150320
9/19/21,21243748,7043875,4125878,33478419,42196351
9/20/21,21253033,7045422,4145852,33504534,42365732
9/21/21,21268413,7054198,4150516,33531498,42487611
9/22/21,21300996,7061323,4160970,33563421,42619242
9/23/21,21325913,7068630,4171666,33594803,42748318
9/24/21,21344578,7075305,4181393,33624419,42922887
9/25/21,21358441,7080675,4181393,33652745,42984802
9/26/21,21367297,7085607,4181393,33678786,43040459
9/27/21,21376642,7087110,4199400,33697581,43194360
9/28/21,21393526,7094334,4203571,33716451,43307569
9/29/21,21410411,7100572,4215351,33739980,43429449
9/30/21,21432362,7106028,4227501,33766707,43539596
10/1/21,21450424,7111154,4237619,33791061,43694428
10/2/21,21462810,7116415,4237619,33813903,43744224
10/3/21,21471963,7120214,4237619,33834702,43790462
10/4/21,21483481,7121507,4255388,33853048,43931026
10/5/21,21505626,7127454,4260187,33871881,44026584
10/6/21,21524172,7137177,4271734,33894312,44139333
10/7/21,21538788,7142387,4283378,33915569,44240441
10/8/21,21557323,7147186,4293807,33935309,44371002
10/9/21,21572127,7152009,4293807,33953475,44411382
10/10/21,21580539,7156066,4293807,33971607,44452401
10/11/21,21587532,7157206,4313384,33985920,44545245
10/12/21,21594887,7163317,4318355,34001743,44656250
10/13/21,21603259,7164924,4330258,34020730,44764567
10/14/21,21618491,7174580,4342640,34037592,44850751
10/15/21,21632789,7180773,4354158,34053573,44959502
10/16/21,21642550,7185744,4354158,34067719,45000892
10/17/21,21648735,7189566,4354158,34081315,45034083
10/18/21,21658054,7190716,4377845,34094373,45130714
10/19/21,21671287,7196754,4384616,34108996,45213344
10/20/21,21686995,7202840,4401631,34127450,45305577
10/21/21,21703981,7209126,4417708,34143236,45382909
10/22/21,21717379,7215584,4437280,34159562,45478808
10/23/21,21729284,7221941,4437280,34175468,45513139
10/24/21,21733820,7226974,4437280,34189774,45534110
10/25/21,21741647,7228331,4472730,34202202,45643583
10/26/21,21754992,7235100,4483203,34215653,45711249
10/27/21,21772116,7242180,4506415,34231809,45813716
10/28/21,21785802,7248285,4534452,34246157,45888274
10/29/21,21798483,7254779,4559120,34260470,45982991
10/30/21,21808495,7262178,4559120,34273300,46019330
10/31/21,21814625,7268527,4559120,34285814,46053361
11/1/21,21819251,7270410,4607208,34296237,46163201
11/2/21,21825169,7272516,4618021,34308140,46233294
11/3/21,21841479,7282823,4638419,34321025,46320009
11/4/21,21854726,7292220,4672368,34333754,46401241
11/5/21,21867724,7301303,4709488,34344683,46498331
11/6/21,21878897,7310967,4709488,34355509,46535625
11/7/21,21884558,7319526,4709488,34366987,46574617
11/8/21,21891439,7321767,4782546,34377113,46681947
11/9/21,21903249,7334332,4804378,34388579,46761945
11/10/21,21918229,7346277,4844054,34401670,46857079
11/11/21,21933767,7358920,4894250,34414186,46914755
11/12/21,21948366,7362807,4942890,34426036,47058876
11/13/21,21957724,7377483,4942890,34437307,47105069
11/14/21,21962026,7389989,4942890,34447536,47138971
11/15/21,21964769,7393296,5045076,34456401,47270028
11/16/21,21971337,7413180,5077124,34466598,47358009
11/17/21,21984449,7433545,5129950,34478517,47470415
11/18/21,21995851,7453941,5195321,34489623,47578998
11/19/21,22008224,7475211,5248291,34499925,47705269
11/20/21,22016439,7497912,5248291,34510413,47752525
11/21/21,22021527,7517669,5248291,34518901,47794054
11/22/21,22025668,7523008,5385585,34526480,47934950
11/23/21,22038108,7553513,5430911,34535763,48026672
11/24/21,22050362,7586146,5497795,34544882,48138243
11/25/21,22062645,7619656,5573756,34555431,48175300
11/26/21,22073524,7654128,5650170,34563749,48229993
11/27/21,22081833,7691217,5650170,34572523,48258460
11/28/21,22085369,7722804,5650170,34580832,48303583
11/29/21,22089858,7731351,5791060,34587822,48488733
11/30/21,22100143,7778575,5836813,34596776,48606339
12/1/21,22112425,7829045,5903999,34606541,48743340
12/2/21,22124356,7877490,5977208,34615757,48881253
12/3/21,22134978,7927361,6051560,34624360,49039251
12/4/21,22142385,7978825,6051560,34624360,49107059
12/5/21,22147078,8020978,6051560,34641561,49163621
12/6/21,22153095,8032613,6185961,34648383,49338540
12/7/21,22163231,8091667,6222020,34656822,49451008
12/8/21,22173363,8153025,6291621,34666241,49600386
12/9/21,22182116,8209911,6362232,34674643,49724320
12/10/21,22189181,8265076,6423520,34682633,49881735
12/11/21,22191865,8318995,6423520,34690510,49939477
12/12/21,22193480,8362843,6423520,34697860,49992874
12/13/21,22196250,8374944,6531606,34703644,50176127
12/14/21,22200629,8438360,6562429,34710628,50289477
12/15/21,22205707,8504074,6613730,34718602,50435092
12/16/21,22209368,8564979,6670407,34726049,50577283
12/17/21,22213731,8623131,6721375,34726049,50769791
12/18/21,22216112,8681667,6721375,34733194,50851472
12/19/21,22217570,8730140,6721375,34746838,50942391
12/20/21,22220209,8745272,6809622,34752164,51183554
12/21/21,22223943,8818154,6833050,34758481,51365828
12/22/21,22227169,8902466,6878709,34765976,51613682
12/23/21,22230943,8994106,6923636,34772626,51888071
12/24/21,22234623,9088232,6923636,34779815,52136339
12/25/21,22238297,9192843,6923636,34786802,52224654
12/26/21,22243266,9220540,6923636,34793333,52408175
12/27/21,22250218,9251021,7005289,34799691,52914246
12/28/21,22259270,9430829,7026369,34808886,53286705
12/29/21,22269031,9639037,7066412,34822040,53797725
12/30/21,22281649,9845583,7109182,34838804,54395674
12/31/21,22291839,10077783,7109182,34861579,54907717
1/1/22,22295621,10296909,7109182,34889132,55099948
1/2/22,22297427,10355341,7109182,34922882,55396191
1/3/22,22309081,10422830,7109182,34960261,56438983
1/4/22,22328252,10694804,7238408,35018358,57267794
1/5/22,22351104,11027112,7297320,35109286,57943576
1/6/22,22386930,11290010,7361660,35226386,58788182
1/7/22,22450222,11618256,7417995,35368372,59667177
1/8/22,22499525,11921925,7417995,35528004,60075853
1/9/22,22529183,12218022,7417995,35707727,60569265
1/10/22,22563104,12311963,7535691,35875790,61923770
1/11/22,22636359,12680780,7581381,36070510,62709985
1/12/22,22724232,13042665,7661811,36317927,63563852
1/13/22,22822177,13351053,7743228,36582129,64429141
1/14/22,22933289,13680775,7835451,36850962,65308292
1/15/22,22981851,14005385,7835451,37122164,65724593
1/16/22,23015128,14283514,7835451,37380253,66210693
1/17/22,23089509,14386178,8000122,37618271,66870941
1/18/22,23229851,14851448,8074527,37901241,68003787
1/19/22,23425392,15288014,8186850,38218773,68913628
1/20/22,23595178,15715329,8320386,38566027,69644507
1/21/22,23766499,16116748,8460546,38903731,70450244
1/22/22,23931609,16506090,8460546,39237264,70760203
1/23/22,24054405,16807733,8460546,39543328,71131122
1/24/22,24142032,16917220,8744840,39799202,72039869
1/25/22,24342322,17420569,8871795,40085116,72532127
1/26/22,24560093,17848291,9035795,40371500,73209225
1/27/22,24789795,18241888,9238931,40622709,73712510
1/28/22,25050601,18596157,9429079,40858241,74325157
1/29/22,25256198,18928572,9429079,41092522,74507829
1/30/22,25360647,19178039,9429079,41302440,74708840
1/31/22,25463530,19266496,9815533,41469499,75244152
2/1/22,25634781,19681231,9978146,41630885,75570589
2/2/22,25820745,19998301,10186644,41803318,75897686
2/3/22,26107894,20274710,10422764,41952712,76171309
2/4/22,26326454,20517059,10671602,42080664,76526048
2/5/22,26484546,20731613,10671602,42188138,76614468
2/6/22,26546399,20887052,10671602,42272014,76699490
2/7/22,26616014,20935910,11117857,42339611,77042080
2/8/22,26793497,21174600,11287428,42410976,77255897
2/9/22,26972914,21177663,11521678,42478060,77443048
2/10/22,27135550,21511997,11769540,42536137,77613413
2/11/22,27299336,21646561,12009712,42586544,77821582
2/12/22,27434286,21765182,12009712,42631421,77874376
2/13/22,27492904,21851747,12009712,42665534,77933572
2/14/22,27552267,21884370,12421126,42692943,78100771
2/15/22,27677468,21886335,12580343,42723558,78211154
2/16/22,27819996,22130264,12800315,42754315,78324961
2/17/22,27940119,22223882,13035941,42780235,78426229
2/18/22,28072238,22310014,13255989,42802505,78570116
2/19/22,28177367,22386566,13255989,42822473,78602274
2/20/22,28218180,22445580,13255989,42838524,78625816
2/21/22,28258458,22466076,13636993,42851929,78705461
2/22/22,28361951,22563594,13762895,42867031,78794643
2/23/22,28493336,22638153,13971947,42881179,78878687
2/24/22,28589235,22707110,14188269,42894345,78945215
2/25/22,28679671,22765934,14399012,42905844,79018857
2/26/22,28749552,22819557,14399012,42916117,79066699
2/27/22,28776794,22862157,14399012,42924130,79085232
2/28/22,28796571,22877926,14745107,42931045,79181996
3/1/22,28818850,22959368,14867218,42938599,79228450
3/2/22,28846495,23017711,15053624,42945160,79281474
3/3/22,28906672,23079453,15264297,42951556,79329961
3/4/22,28978052,23137902,15481890,42957477,79380604
3/5/22,29040800,23191580,15481890,42962953,79395871
3/6/22,29056525,23236908,15481890,42967315,79408495
3/7/22,29077831,23253235,15869417,42971308,79469829
3/8/22,29152318,23346927,15869417,42975883,79499165
3/9/22,29198101,23417253,16242070,42980067,79536060
3/10/22,29259206,23492815,16504822,42984261,79581728
3/11/22,29313228,23565274,16757658,42987875,79630488
3/12/22,29361024,23635798,16757658,42990991,79641006
3/13/22,29374833,23694834,16757658,42993494,79652314
3/14/22,29391345,23717460,17233729,42996062,79686584
3/15/22,29441039,23834842,17432617,42998938,79710097
3/16/22,29488777,23943801,17695210,43001477,79761332
3/17/22,29532810,24046195,17990141,43004005,79813357
3/18/22,29584800,24143852,18287986,43006080,79844989
3/19/22,29624435,24241956,18287986,43007841,79856111
3/20/22,29637814,24323239,18287986,43009390,79867776
3/21/22,29650082,24347772,18772331,43010971,79908821
3/22/22,29691641,24528957,18994411,43012749,79930050
3/23/22,29738362,24683075,19278143,43014687,79969950
3/24/22,29775568,24823603,19596530,43016372,80012001
3/25/22,29809769,24967222,19893028,43018032,80056416
3/26/22,29839103,25106739,19893028,43019453,80066111
3/27/22,29849740,25216913,19893028,43020723,80078147
3/28/22,29857641,25246720,20323779,43021982,80115859
3/29/22,29887191,25464389,20561131,43023215,80138918
3/30/22,29920604,25633476,20829608,43024440,80177035
3/31/22,29951670,25803173,21104509,43025775,80221585
4/1/22,29978513,25952226,21357039,43027035,80252748
4/2/22,29995575,26084340,21357039,43028131,80264828
4/3/22,30002785,26186606,21357039,43029044,80269842
4/4/22,30015357,26218724,21668677,43029839,80307960
4/5/22,30042272,26428476,21849074,43030925,80332930
4/6/22,30069094,26579448,22064059,43031958,80372860
4/7/22,30095328,26738483,22265788,43033067,80422532
4/8/22,30125540,26887490,22441051,43034217,80495710
4/9/22,30146769,27029271,22441051,43035271,80508766
4/10/22,30153979,27136925,22441051,43036132,80518573
4/11/22,30161909,27162463,22677986,43036928,80556687
4/12/22,30184286,27353225,22840776,43038016,80591910
4/13/22,30210934,27499728,23017079,43039023,80647978
4/14/22,30234024,27637292,23182447,43039972,80695831
4/15/22,30247302,27762686,23182447,43040947,80730300
4/16/22,30250077,27874269,23182447,43042097,80743119
4/17/22,30252618,27960919,23182447,43044280,80751042
4/18/22,30261088,27980729,23182447,43045527,80810593
4/19/22,30275219,28006219,23459628,43047594,80849092
4/20/22,30311969,28162002,23658211,43049974,80916866
4/21/22,30330629,28266009,23844536,43052425,80977349
4/22/22,30338697,28354529,24006254,43054952,81065925
4/23/22,30345808,28435100,24006254,43057545,81086628
4/24/22,30349463,28494054,24006254,43060086,81100611
4/25/22,30355919,28508116,24200596,43060097,81168415
4/26/22,30378061,28605614,24337394,43065496,81213305
4/27/22,30399004,28673411,24479055,43068799,81303117
4/28/22,30418920,28733434,24609159,43072176,81380091
4/29/22,30433042,28786413,24710769,43075864,81441344
4/30/22,30448236,28835895,24710769,43079188,81466441
5/1/22,30454499,28872621,24710769,43082345,81483804
5/2/22,30460997,28881384,24813817,43084913,81577677
5/3/22,30482429,28948497,24927339,43088118,81627341
5/4/22,30502501,28996577,25033970,43091393,81739690
5/5/22,30524183,29040934,25130137,43094938,81827903
5/6/22,30543908,29081169,25215210,43098743,81956955
5/7/22,30558530,29119127,25215210,43102194,81986006
5/8/22,30564536,29148451,25215210,43105401,81992619
5/9/22,30574245,29155815,25299300,43107689,82121797
5/10/22,30594388,29212276,25406868,43110586,82192316
5/11/22,30617786,29252875,25503878,43113413,82353337
5/12/22,30639130,29289023,25592839,43116254,82458677
5/13/22,30664739,29321831,25661838,43119112,82545938
5/14/22,30682094,29352290,25661838,43121599,82564426
5/15/22,30688390,29375134,25661838,43123801,82597555
5/16/22,30701900,29381085,25732153,43125370,82774479
5/17/22,30701900,29424812,25818405,43127199,82859805
5/18/22,30701900,29489304,25890456,43129563,83063638
5/19/22,30701900,29517146,25949175,43131822,83199187
5/20/22,30762413,29541498,25998085,43134145,83347968
5/21/22,30762413,29564005,25998085,43136371,83376122
5/22/22,30791220,29580970,25998085,43138393,83389299
5/23/22,30803995,29551335,26045528,43140068,83538499
5/24/22,30836815,29583616,26109965,43142192,83622359
5/25/22,30851191,29605758,26159106,43144820,83833099
5/26/22,30880512,29626992,26159106,43147530,83968629
5/27/22,30921145,29631816,26200663,43150215,84076461
5/28/22,30945384,29655398,26244107,43153043,84090734
5/29/22,30953579,29671838,26244107,43155749,84097861
5/30/22,30977661,29676522,26244107,43158087,84160373
5/31/22,31019038,29711870,26305996,43160832,84327544
6/1/22,31060017,29738170,26360953,43164544,84556267
6/2/22,31101290,29763546,26409455,43168585,84678587
6/3/22,31137479,29788676,26452148,43172547,84835573
6/4/22,31137479,29813848,26452148,43176817,84863718
6/5/22,31137479,29834390,26452148,43181335,84880100
6/6/22,31195118,29840626,26452148,43185049,85039922
6/7/22,31266163,29852463,26498361,43190282,85126555
6/8/22,31315777,29906452,26583016,43197522,85325154
6/9/22,31360850,29946603,26660652,43205106,85457093
6/10/22,31417341,29946697,26738530,43213435,85563254
6/11/22,31445137,29946603,26738530,43222017,85598649
6/12/22,31456865,29946603,26738530,43230101,85616523
6/13/22,31497038,29946647,26809245,43236695,85768092
6/14/22,31541479,30123426,26915085,43245517,85858269
6/15/22,31611769,30175534,27007429,43257730,86043157
6/16/22,31611769,30228615,27096571,43270577,86173188
6/17/22,31611769,30279240,27124689,43283793,86312000
6/18/22,31611769,30279240,27124689,43296692,86329794
6/19/22,31611769,30279240,27124689,43309473,86347944
6/20/22,31754465,30381221,27211896,43319396,86443987
6/21/22,31818827,30476915,27334993,43331645,86555173
6/22/22,31890733,30555038,27454225,43344958,86740533
6/23/22,31962782,30634890,27573585,43362294,86879240
6/24/22,32023166,30714200,27681775,43378234,86996447
6/25/22,32023166,30714200,27681775,43389973,87037562
6/26/22,32023166,30714200,27681775,43407046,87060024
6/27/22,32130316,30879062,27771911,43418839,87219959
6/28/22,32206954,31027099,27914240,43433345,87317769
6/29/22,32206954,31151971,28048190,43452164,87507662
6/30/22,32358018,31285317,28180861,43469234,87675415
7/1/22,32434063,31410383,28293960,43486326,87832253
7/2/22,32471847,31410383,28293960,43502429,87852832
7/3/22,32490422,31410383,28293960,43518564,87861491
7/4/22,32535923,31653749,28394995,43531650,87937948
7/5/22,32610514,31861391,28542484,43547809,88079364
7/6/22,32687680,32016207,28673212,43566739,88279768
7/7/22,32759730,32177472,28808614,43585554,88418829
7/8/22,32830844,32318670,28926346,43604394,88556536
7/9/22,32874501,32318670,28926346,43622651,88585837
7/10/22,32896464,32318670,28926346,43639329,88610605
7/11/22,32940507,32570121,29025760,43652944,88811480
7/12/22,33004555,32753754,29180489,43669850,88959681
7/13/22,33076779,32881645,29308100,43689989,89163998
7/14/22,33142158,32881645,29460249,43710027,89339450
7/15/22,33250117,32881809,29569943,43730071,89492643
7/16/22,33290266,32881809,29569943,43750599,89532095
7/17/22,33301118,32881809,29569943,43767534,89561931
7/18/22,33339815,33239622,29692989,43783062,89726778
7/19/22,33397814,33375449,29853680,43801678,89843975
7/20/22,33454294,33465759,29994679,43824728,90060378
7/21/22,33505727,33546628,30131303,43847065,90236138
7/22/22,33555526,33621366,30239122,43868476,90367542
7/23/22,33555526,33621366,30239122,43888755,90394143
7/24/22,33591356,33621366,30239122,43905621,90417634
7/25/22,33621965,33751295,30331133,43920451,90607493
7/26/22,33659879,33840851,30476605,43938764,90739588
7/27/22,33704393,33899799,30598385,43959321,90979365
7/28/22,33748985,33951450,30702511,43979730,91156742
7/29/22,33790698,33997224,30787309,44000138,91315977
7/30/22,33813587,33997224,30787309,44019811,91332204
7/31/22,33833900,33997224,30787309,44036275,91345425
8/1/22,33855964,34077286,30854175,44050009,91515236
8/2/22,33890428,34133344,30956873,44067144,91606171
8/3/22,33924061,34172819,31044554,44087037,91806570
8/4/22,33964494,34206310,31119199,44107588,91993893
8/5/22,33994470,34237067,31178705,44126994,92100011
8/6/22,34011173,34237067,31178705,44145709,92115152
8/7/22,34018371,34237067,31178705,44145709,92127889
8/8/22,34035780,34292342,31228322,44174650,92283082
8/9/22,34066000,34331725,31307020,44190697,92382841
8/10/22,34066000,34359013,31379757,44206996,92579320
8/11/22,34124579,34383344,31439645,44223557,92742297
8/12/22,34148131,34406092,31489484,44239372,92838951
8/13/22,34148131,34406092,31489484,44253464,92922767
8/14/22,34148131,34406092,31489484,44268381,92932588
8/15/22,34178240,34406296,31535340,44277711,93055285
8/16/22,34201280,34455445,31599085,44286256,93147062
8/17/22,34223207,34491381,31666475,44298864,93283935
8/18/22,34245374,34514986,31725160,44314618,93433063
8/19/22,34264237,34535255,31771884,44327890,93510612
8/20/22,34264237,34535255,31771884,44339429,93521828
8/21/22,34264237,34535255,31771884,44348960,93531703
8/22/22,34284864,34573992,31808228,44357546,93660652
8/23/22,34284864,34603400,31868639,44368195,93759938
8/24/22,34329600,34624825,31921578,44378920,93911627
8/25/22,34350639,34644718,31970779,44389176,94051288
8/26/22,34368909,34662834,32008122,44398696,94172008
8/27/22,34368909,34662834,32008122,44408132,94183881
8/28/22,34368909,34662834,32008122,44415723,94192404
8/29/22,34397205,34698583,32041350,44415723,94298521
8/30/22,34414011,34726269,32095854,44415723,94374035
8/31/22,34429853,34745833,32145157,44436339,94528255
9/1/22,34429853,34764504,32184553,44442507,94659072
9/2/22,34456145,34780903,32218483,44449726,94723711
9/3/22,34456145,34780903,32218483,44456535,94735199
9/4/22,34456145,34780903,32218483,44462445,94742681
9/5/22,34477539,34812853,32247828,44466862,94776356
9/6/22,34477539,34839791,32297537,44469661,94888803
9/7/22,34477539,34859956,32344032,44478636,95012774
9/8/22,34477539,34879822,32386089,44484729,95119998
9/9/22,34516739,34898909,32422084,44490283,95220758
9/10/22,34516739,34898909,32422084,44495359,95230918
9/11/22,34516739,34898909,32422084,44500580,95239962
9/12/22,34533957,34939449,32452250,44502363,95309350
9/13/22,34544377,34985401,32507180,44510057,95389023
9/14/22,34558902,35015024,32558479,44516479,95492224
9/15/22,34568833,35048305,32604993,44522777,95575861
9/16/22,34568833,35076991,32643742,44528524,95632097
9/17/22,34568833,35076991,32643742,44534188,95640668
9/18/22,34568833,35076991,32643742,44539046,95646159
9/19/22,34592163,35138509,32680356,44543089,95701850
9/20/22,34592027,35190357,32740593,44545011,95771112
9/21/22,34592027,35228660,32797308,44553042,95869476
9/22/22,34616655,35267124,32854286,44558425,95950546
9/23/22,34624427,35304648,32905086,44563337,96033830
9/24/22,34624427,35304648,32905086,44568114,96043588
9/25/22,34624427,35304648,32905086,44572243,96050333
9/26/22,34638288,35381526,32952050,44575473,96095885
9/27/22,34638288,35456751,33041332,44579088,96156934
9/28/22,34654190,35508658,33137143,44583360,96243479
9/29/22,34654190,35560024,33216006,44587307,96328015
9/30/22,34672524,35608285,33312373,44591112,96361580
10/1/22,34672524,35608285,33312373,44594487,96369625
10/2/22,34672524,35608285,33312373,44597498,96375509
10/3/22,34684529,35701024,33312373,44599466,96416999
10/4/22,34684529,35790213,33386229,44601892,96472358
10/5/22,34699017,35856904,33519761,44604463,96543735
10/6/22,34707233,35922441,33652255,44606460,96604699
10/7/22,34707233,35983605,33826367,44609257,96663035
10/8/22,34707233,35983605,33826367,44612013,96670876
10/9/22,34707233,35983605,33826367,44614437,96676516
10/10/22,34724189,36092874,33948632,44616394,96699589
10/11/22,34731539,36187658,34121168,44616235,96760434
10/12/22,34731539,36255606,34257916,44621319,96825135
10/13/22,34739865,36319858,34403129,44623997,96888756
10/14/22,34746462,36381207,34517327,44626427,96915830
10/15/22,34746462,36381207,34517327,44628828,96921917
10/16/22,34746462,36381207,34517327,44630888,96928733
10/17/22,34746462,36487995,34608837,44632430,96967685
10/18/22,34746462,36575661,34758889,44634376,97011349
10/19/22,34771320,36638723,34888963,44636517,97072048
10/20/22,34771320,36695541,35005769,44638636,97129478
10/21/22,34780462,36744628,35098062,44640748,97175604
10/22/22,34780462,36744628,35098062,44642742,97181092
10/23/22,34780462,36744628,35098062,44644076,97189727
10/24/22,34783786,36826751,35172694,44644938,97229112
10/25/22,34799324,36886459,35288228,44645768,97272915
10/26/22,34807075,36927700,35383015,44646880,97344455
10/27/22,34815258,36964789,35461920,44649088,97403798
10/28/22,34815258,36990572,35523412,44650662,97434240
10/29/22,34815258,36990572,35523412,44652256,97443365
10/30/22,34815258,36990572,35523412,44653592,97446797
10/31/22,34828749,37033519,35571131,44654638,97491766
11/1/22,34837035,37033582,35619687,44655828,97540736
11/2/22,34837035,37068741,35649648,44655926,97614775
11/3/22,34846308,37110800,35728277,44658365,97685617
11/4/22,34849063,37140238,35784912,44659447,97724326
11/5/22,34849063,37140238,35784912,44660579,97729627
11/6/22,34849063,37140238,35784912,44661504,97737758
11/7/22,34855492,37191901,35823771,44660293,97778436
11/8/22,34855492,37232493,35884834,44660293,97809892
11/9/22,34855492,37261364,35932654,44660293,97907217
11/10/22,34889576,37288432,35971322,44664810,97973552
11/11/22,34908198,37288432,36005025,44665643,97986735
11/12/22,34908198,37288432,36005025,44666372,97992007
11/13/22,34908198,37288432,36005025,44666924,97994653
11/14/22,34908198,37354169,36033395,44667390,98045066
11/15/22,34908198,37403757,36080574,44667900,98104944
11/16/22,34938073,37437677,36119184,44668535,98189692
11/17/22,34971043,37471008,36152490,44667967,98243790
11/18/22,34999495,37508185,36180077,44669748,98299385
11/19/22,34999495,37508185,36180077,44670240,98304397
11/20/22,34999495,37508185,36180077,44670646,98308346
11/21/22,34999495,37576243,36205405,44670940,98352864
11/22/22,35052152,37641319,36247081,44671300,98409179
11/23/22,35082036,37690658,36280371,44671708,98522619
11/24/22,35105241,37741188,36318461,44672048,98538940
11/25/22,35149503,37789817,36348477,44672442,98561273
11/26/22,35149503,37789817,36348477,44672787,98564574
11/27/22,35149503,37789817,36348477,44673078,98570524
11/28/22,35149503,37885199,36373165,44673293,98632854
11/29/22,35227599,37979248,36419717,44673567,98700309
11/30/22,35227599,38046448,36463485,44673863,98813321
12/1/22,35302137,38115885,36499600,44674138,98903928
12/2/22,35337546,38174893,36530020,44674390,98968313
12/3/22,35337546,38174893,36530020,44674616,98975438
12/4/22,35337546,38174893,36530020,44674842,98980990
12/5/22,35396191,38278536,36557861,44675006,99038798
12/6/22,35396191,38384992,36604648,44675172,99133789
12/7/22,35396191,38461021,36649979,44675413,99279229
12/8/22,35531716,38532642,36690235,44675662,99378455
12/9/22,35531716,38598292,36726061,44675872,99414998
12/10/22,35531716,38598292,36726061,44676045,99422186
12/11/22,35531716,38598292,36726061,44676045,99428500
12/12/22,35643770,38717933,36758926,44676318,99487847
12/13/22,35696918,38815319,36812671,44676470,99581078
12/14/22,35751411,38885679,36860998,44676670,99729246
12/15/22,35809832,38948220,36905873,44676832,99841367
12/16/22,35869526,39004649,36946574,44676999,99895955
12/17/22,35869526,39004649,36946574,44677175,99902767
12/18/22,35869526,39004649,36946574,44677310,99908625
12/19/22,35945063,39102670,36980883,44677422,99969013
12/20/22,36001760,39174528,37035898,44677554,100050937
12/21/22,36044441,39229380,37088426,44677739,100233060
12/22/22,36092845,39278897,37136414,44677902,100329204
12/23/22,36092845,39322741,37177845,44678103,100368433
12/24/22,36092845,39322741,37177845,44678330,100374955
12/25/22,36092845,39322741,37177845,44678517,100378169
12/26/22,36190389,39363485,37177845,44678683,100390601
12/27/22,36226287,39423584,37211978,44678871,100501536
12/28/22,36264721,39449665,37272430,44679139,100614880
12/29/22,36302415,39474380,37345969,44679382,100718983
12/30/22,36331281,39498188,37369865,44679608,100757380
12/31/22,36331281,39498188,37369866,44679873,100765333
1/1/23,36331281,39498188,37369867,44680046,100769628
1/2/23,36362366,39537275,37410650,44680180,100777938
1/3/23,36362366,39560482,37446795,44680355,100866744
1/4/23,36423138,39574616,37475448,44680543,101064860
1/5/23,36423138,39586288,37496370,44680771,101196089
1/6/23,36477214,39596671,37509539,44680985,101261277
1/7/23,36477214,39596671,37509539,44681148,101267132
1/8/23,36477214,39596671,37509539,44681318,101272842
1/9/23,36477214,39613891,37540072,44681439,101315853
1/10/23,36552432,39625664,37562191,44681610,101399138
1/11/23,36578865,39633417,37581570,44681807,101538756
1/12/23,36597935,39640595,37594526,44681981,101603736
1/13/23,36620371,39646833,37605135,44682160,101637051
1/14/23,36624562,39646833,37605135,44682264,101642336
1/15/23,36628099,39646833,37605135,44682378,101645654
1/16/23,36640787,39657663,37622357,44682467,101653171
1/17/23,36665419,39666044,37637807,44682595,101734426
1/18/23,36677844,39671999,37649808,44682729,101863056
1/19/23,36677844,39677034,37659518,44682874,101954244
1/20/23,36712851,39681509,37668384,44683005,101991763
1/21/23,36717501,39681509,37668384,44683145,101996891
1/22/23,36718053,39681509,37668384,44683239,102000179
1/23/23,36730913,39690337,37684456,44683328,102031232
1/24/23,36751410,39697613,37701193,44683430,102086966
1/25/23,36768677,39702995,37715000,44683562,102189274
1/26/23,36768677,39708282,37728155,44683661,102253390
1/27/23,36791267,39712963,37739472,44683754,102270311
1/28/23,36791267,39713004,37739472,44683863,102274906
1/29/23,36794261,39713004,37739472,44683943,102278398
1/30/23,36807814,39722301,37758773,44684009,102307529
1/31/23,36824580,39729161,37779833,44684120,102362870
2/1/23,36837943,39733692,37796790,44684248,102479379
2/2/23,36837943,39737713,37810199,44684347,102561054
2/3/23,36866283,39741331,37822577,44684475,102599784
2/4/23,36867401,39741331,37822577,44684588,102603942
2/5/23,36867401,39741331,37822577,44684679,102606868
2/6/23,36878774,39747993,37842223,44684768,102631179
2/7/23,36887991,39753017,37861703,44684864,102676694
2/8/23,36897683,39757008,37879714,44684973,102760211
2/9/23,36905201,39760676,37893892,44685087,102842061
2/10/23,36917623,39764042,37893892,44683862,102855101
2/11/23,36930339,39764042,37907312,44685219,102859510
2/12/23,36932830,39764042,37907312,44685425,102862879
2/13/23,36953492,39770404,37928944,44685499,102886005
2/14/23,36953492,39775390,37949446,44685601,102934224
2/15/23,36971440,39779373,37970357,44685727,103023231
2/16/23,36970513,39783394,37986750,44685884,103083910
2/17/23,36970513,39786983,38002114,44686001,103131898
2/18/23,36987682,39786983,38002114,44686143,103134605
2/19/23,36987682,39786983,38002114,44686263,103136077
2/20/23,36987682,39795116,38018111,44686358,103138119
2/21/23,36987682,39800890,38043874,44686483,103198669
2/22/23,36997328,39805492,38068912,44686676,103308832
2/23/23,37008944,39809981,38090089,44686842,103365511
2/24/23,37020531,39813898,38111063,44687025,103378408
2/25/23,37020531,39813898,38111063,44687243,103381157
2/26/23,37020531,39813898,38111063,44687428,103382763
2/27/23,37038230,39821524,38144033,44687597,103399827
2/28/23,37052936,39827175,38168908,44687837,103443455
3/1/23,37063464,39831700,38189954,44688105,103533872
3/2/23,37063464,39835896,38202571,44688388,103589757
3/3/23,37081209,39839090,38210850,44688722,103648690
3/4/23,37081209,39839090,38210850,44689046,103650837
3/5/23,37081209,39839090,38210851,44689327,103646975
3/6/23,37076053,39847236,38210851,44689593,103655539
3/7/23,37076053,39854299,38231610,44689919,103690910
3/8/23,37076053,39860410,38241231,44690298,103755771
3/9/23,37076053,39866718,38249060,44690738,103802702
