Time,Brazil,India,Mexico,Russia,US
1/22/20,0,0,0,0,0
1/23/20,0,0,0,0,0
1/24/20,0,0,0,0,0
1/25/20,0,0,0,0,0
1/26/20,0,0,0,0,0
1/27/20,0,0,0,0,0
1/28/20,0,0,0,0,0
1/29/20,0,0,0,0,0
1/30/20,0,0,0,0,0
1/31/20,0,0,0,0,0
2/1/20,0,0,0,0,0
2/2/20,0,0,0,0,0
2/3/20,0,0,0,0,0
2/4/20,0,0,0,0,0
2/5/20,0,0,0,0,0
2/6/20,0,0,0,0,0
2/7/20,0,0,0,0,0
2/8/20,0,0,0,0,0
2/9/20,0,0,0,0,0
2/10/20,0,0,0,0,0
2/11/20,0,0,0,0,0
2/12/20,0,0,0,0,0
2/13/20,0,0,0,0,0
2/14/20,0,0,0,0,0
2/15/20,0,0,0,0,0
2/16/20,0,0,0,0,0
2/17/20,0,0,0,0,0
2/18/20,0,0,0,0,0
2/19/20,0,0,0,0,0
2/20/20,0,0,0,0,0
2/21/20,0,0,0,0,0
2/22/20,0,0,0,0,0
2/23/20,0,0,0,0,0
2/24/20,0,0,0,0,0
2/25/20,0,0,0,0,0
2/26/20,0,0,0,0,0
2/27/20,0,0,0,0,0
2/28/20,0,0,0,0,0
2/29/20,0,0,0,0,1
3/1/20,0,0,0,0,1
3/2/20,0,0,0,0,6
3/3/20,0,0,0,0,7
3/4/20,0,0,0,0,11
3/5/20,0,0,0,0,12
3/6/20,0,0,0,0,14
3/7/20,0,0,0,0,17
3/8/20,0,0,0,0,21
3/9/20,0,0,0,0,22
3/10/20,0,0,0,0,28
3/11/20,0,1,0,0,33
3/12/20,0,1,0,0,43
3/13/20,0,2,0,0,51
3/14/20,0,2,0,0,58
3/15/20,0,2,0,0,70
3/16/20,0,2,0,0,97
3/17/20,1,3,0,0,134
3/18/20,3,3,0,0,194
3/19/20,6,4,1,1,266
3/20/20,11,5,2,1,372
3/21/20,15,4,2,1,475
3/22/20,25,7,3,1,603
3/23/20,34,10,4,1,790
3/24/20,46,10,5,1,1033
3/25/20,59,12,6,3,1366
3/26/20,77,20,8,3,1783
3/27/20,92,20,12,4,2305
3/28/20,111,24,16,4,3018
3/29/20,136,27,20,8,3573
3/30/20,159,32,28,9,4280
3/31/20,201,35,29,17,5359
4/1/20,240,58,37,24,6996
4/2/20,324,72,50,30,8556
4/3/20,359,72,60,34,9985
4/4/20,445,86,79,43,11605
4/5/20,486,99,94,45,13227
4/6/20,564,136,125,47,14989
4/7/20,686,150,141,58,17595
4/8/20,819,178,174,63,19747
4/9/20,950,226,194,76,22003
4/10/20,1057,246,233,94,24217
4/11/20,1124,288,273,106,26320
4/12/20,1223,331,296,130,28203
4/13/20,1328,358,332,148,30204
4/14/20,1532,393,406,170,32685
4/15/20,1736,405,449,198,35309
4/16/20,1924,448,486,232,37496
4/17/20,2141,486,546,273,39600
4/18/20,2354,521,650,313,41543
4/19/20,2462,559,686,361,43510
4/20/20,2587,592,712,405,45795
4/21/20,2741,645,857,456,48246
4/22/20,2906,681,970,513,50712
4/23/20,3331,721,1069,555,53138
4/24/20,3704,780,1221,615,55201
4/25/20,4057,825,1305,681,56940
4/26/20,4286,881,1351,747,58354
4/27/20,4603,939,1434,794,59840
4/28/20,5083,1008,1569,867,62074
4/29/20,5513,1079,1732,972,64448
4/30/20,6006,1154,1859,1073,66638
5/1/20,6412,1223,1972,1169,68518
5/2/20,6761,1323,2061,1222,70291
5/3/20,7051,1391,2154,1280,71492
5/4/20,7367,1566,2271,1356,72862
5/5/20,7938,1693,2507,1451,75041
5/6/20,8588,1785,2704,1537,77359
5/7/20,9190,1889,2961,1625,79262
5/8/20,10017,1985,3160,1723,81033
5/9/20,10656,2101,3353,1827,82504
5/10/20,11123,2212,3465,1915,83505
5/11/20,11653,2294,3573,2009,84531
5/12/20,12461,2415,3926,2116,86119
5/13/20,13240,2551,4220,2212,87814
5/14/20,13999,2649,4477,2305,89581
5/15/20,14962,2753,4767,2418,91205
5/16/20,15662,2871,5045,2537,92374
5/17/20,16118,3025,5177,2631,93191
5/18/20,16853,3156,5332,2722,94413
5/19/20,17983,3302,5666,2837,95840
5/20/20,19059,3434,6090,2972,97310
5/21/20,20128,3584,6510,3099,98491
5/22/20,21159,3726,6989,3249,99695
5/23/20,22205,3868,7179,3388,100774
5/24/20,22863,4024,7394,3541,101410
5/25/20,23590,4172,7633,3633,102010
5/26/20,24644,4344,8134,3807,102664
5/27/20,25705,4534,8597,3968,104116
5/28/20,26895,4711,9044,4142,105181
5/29/20,28032,4980,9415,4374,106290
5/30/20,28896,5185,9779,4555,107236
5/31/20,29367,5408,9930,4693,107857
6/1/20,30108,5608,10167,4849,108624
6/2/20,31473,5829,10637,5031,109603
6/3/20,32667,6088,11729,5208,110603
6/4/20,34177,6363,12545,5376,111601
6/5/20,35253,6649,13170,5520,112471
6/6/20,36054,6946,13511,5717,113109
6/7/20,36530,7207,13699,5851,113569
6/8/20,37393,7473,14053,5963,114071
6/9/20,38586,7750,14649,6134,114980
6/10/20,39824,8102,15357,6350,115836
6/11/20,41092,8498,15944,6522,116644
6/12/20,41935,8884,16448,6705,117466
6/13/20,42792,9195,16872,6819,118174
6/14/20,43426,9520,17141,6938,118522
6/15/20,44190,9900,17580,7081,118920
6/16/20,45522,11903,18310,7274,119695
6/17/20,46707,12237,19080,7468,120436
6/18/20,47946,12573,19747,7650,121132
6/19/20,49118,12948,20394,7831,121760
6/20/20,50100,13254,20781,7992,122323
6/21/20,50683,13699,21825,8101,122642
6/22/20,51445,14011,22584,8196,123021
6/23/20,52851,14476,23377,8349,123752
6/24/20,53955,14894,24324,8503,124507
6/25/20,55135,15301,25060,8594,125058
6/26/20,56128,15685,25779,8770,125687
6/27/20,57159,16095,26381,8958,126186
6/28/20,57753,16475,26648,9060,126512
6/29/20,58475,16893,27121,9152,126881
6/30/20,59792,17400,27769,9306,127432
7/1/20,60878,17834,28510,9521,128134
7/2/20,62137,18213,29189,9668,128883
7/3/20,63350,18655,29843,9844,129559
7/4/20,64410,19268,30366,10011,129867
7/5/20,64968,19693,30639,10145,130201
7/6/20,65653,20159,31119,10280,130575
7/7/20,66953,20642,32014,10478,131719
7/8/20,68126,21129,32796,10650,132562
7/9/20,69348,21604,33526,10826,133601
7/10/20,70646,22123,34191,11000,134402
7/11/20,71578,22673,34730,11188,135167
7/12/20,72195,23174,35006,11318,135632
7/13/20,73030,23727,35491,11422,136084
7/14/20,74324,24309,36327,11597,136988
7/15/20,75604,24914,36906,11753,137942
7/16/20,76903,25602,37574,11920,138903
7/17/20,78026,26273,38310,12106,139844
7/18/20,78870,26816,38888,12228,140733
7/19/20,79578,27497,39184,12323,141197
7/20/20,80346,28082,39485,12408,141750
7/21/20,81663,28732,40400,12561,142823
7/22/20,82959,29861,41190,12726,144066
7/23/20,84272,30601,41908,12873,145122
7/24/20,85437,31358,42645,13026,146232
7/25/20,86536,32060,43374,13172,147181
7/26/20,87117,32771,43680,13249,147744
7/27/20,87802,33408,44022,13334,148848
7/28/20,89060,34193,44876,13483,150063
7/29/20,90259,34955,45361,13650,151477
7/30/20,91461,35718,46000,13778,152778
7/31/20,92728,36511,46688,13939,153969
8/1/20,93669,37364,47472,14034,155059
8/2/20,94193,38135,47746,14104,155535
8/3/20,94795,38938,48012,14183,156127
8/4/20,96153,39795,48869,14327,157375
8/5/20,97519,40699,49698,14465,158770
8/6/20,98745,41585,50517,14579,159971
8/7/20,99830,42518,51311,14698,161266
8/8/20,100657,43379,52006,14827,162339
8/9/20,101226,44386,52298,14903,162916
8/10/20,102015,45257,53003,14973,163440
8/11/20,103209,46091,53929,15103,164517
8/12/20,104393,47033,54666,15231,166049
8/13/20,105635,48040,55293,15353,167077
8/14/20,106642,49036,55908,15467,168363
8/15/20,107365,49980,56543,15585,169423
8/16/20,107952,50921,56757,15653,170034
8/17/20,108748,51797,57023,15707,170493
8/18/20,110100,52888,57774,15836,171720
8/19/20,111263,53866,58481,15951,172421
8/20/20,112500,54849,59106,16058,173501
8/21/20,113551,55794,59610,16148,174616
8/22/20,114379,56706,60254,16268,175578
8/23/20,114834,57542,60480,16341,176057
8/24/20,115557,58390,60800,16406,176511
8/25/20,116760,59357,61450,16524,177729
8/26/20,117839,60472,62076,16638,178872
8/27/20,118824,61529,62594,16758,179979
8/28/20,119673,62550,63146,16866,180906
8/29/20,120570,63498,63819,16977,181869
8/30/20,120971,64469,64158,17045,182309
8/31/20,121618,65288,64414,17128,182794
9/1/20,122768,66333,65241,17250,183855
9/2/20,123972,67376,65816,17365,184927
9/3/20,124839,68472,66329,17479,185950
9/4/20,125688,69561,66851,17598,186900
9/5/20,126292,70626,67326,17707,187691
9/6/20,126750,71642,67558,17768,188127
9/7/20,127070,72775,67781,17818,188450
9/8/20,127595,73890,68484,17939,188923
9/9/20,128752,75062,69049,18080,190023
9/10/20,129726,76271,69649,18207,190930
9/11/20,130574,77472,70183,18309,192072
9/12/20,131341,78586,70604,18426,192810
9/13/20,131746,79722,70821,18517,193202
9/14/20,132204,80776,71049,18573,193626
9/15/20,133286,82066,71678,18723,194815
9/16/20,134248,83198,71978,18853,195747
9/17/20,135117,84372,72179,18996,196594
9/18/20,135945,85619,72803,19128,197549
9/19/20,136626,86752,73258,19270,198215
9/20/20,136977,87882,73493,19349,198474
9/21/20,137443,88935,73697,19420,198885
9/22/20,138237,90020,74348,19575,199907
9/23/20,139169,91149,74949,19720,200959
9/24/20,139964,92290,75439,19867,201855
9/25/20,140786,93379,75844,19973,202767
9/26/20,141508,94503,76243,20140,203530
9/27/20,141847,95542,76430,20239,203835
9/28/20,142238,96318,76603,20299,204173
9/29/20,143096,97497,77163,20456,205052
9/30/20,144078,98678,77646,20630,205957
10/1/20,144851,99773,78078,20796,206852
10/2/20,145505,100842,78492,20981,207741
10/3/20,146093,101782,78880,21153,208413
10/4/20,146451,102685,79088,21260,208798
10/5/20,146844,103569,81877,21375,209272
10/6/20,147654,104555,82348,21559,209960
10/7/20,148379,105526,82726,21755,210863
10/8/20,149114,106490,83096,21939,211836
10/9/20,149768,107416,83497,22137,212786
10/10/20,150302,108334,83642,22331,213434
10/11/20,150580,109150,83781,22471,213897
10/12/20,150774,109856,83945,22594,214290
10/13/20,151152,110586,84420,22834,215042
10/14/20,151884,111266,84898,23069,216028
10/15/20,152698,112161,85285,23350,216867
10/16/20,153341,112998,85704,23580,217793
10/17/20,153756,114031,86059,23857,218582
10/18/20,153991,114610,86167,24039,219042
10/19/20,154317,115197,86338,24205,219552
10/20/20,154965,115914,86893,24473,220500
10/21/20,155536,116616,87415,24786,221662
10/22/20,156041,117306,87415,25072,222542
10/23/20,156604,117956,88312,25353,223496
10/24/20,156991,118534,88743,25647,224468
10/25/20,157224,119014,88924,25875,224920
10/26/20,157526,119502,89171,26092,225479
10/27/20,158052,120010,89814,26409,226476
10/28/20,158556,120527,90309,26752,227516
10/29/20,159107,121090,90773,27111,228510
10/30/20,159680,121641,91289,27462,229582
10/31/20,159972,122111,91753,27787,230545
11/1/20,160175,122607,91895,28026,231054
11/2/20,160340,123097,92100,28264,231783
11/3/20,160628,123611,92593,28611,233407
11/4/20,161246,124315,93228,28996,234488
11/5/20,161849,124985,93772,29285,235702
11/6/20,162120,125562,94323,29654,236885
11/7/20,162348,126121,94808,30010,238011
11/8/20,162538,126611,95027,30292,238587
11/9/20,162724,127059,95225,30546,239390
11/10/20,162922,127571,95842,30899,240854
11/11/20,163496,128121,96430,31326,242317
11/12/20,164429,128668,97056,31755,243556
11/13/20,165005,129188,97624,32156,244749
11/14/20,165739,129635,98259,32536,246149
11/15/20,165879,130070,98542,32885,246908
11/16/20,166136,130519,98861,33184,247782
11/17/20,166814,130993,99026,33619,249523
11/18/20,167568,131578,99528,34068,251456
11/19/20,168218,132162,100104,34525,253468
11/20/20,168731,132726,100823,34980,255470
11/21/20,169088,133227,101373,35442,257102
11/22/20,169266,133738,101676,35838,258178
11/23/20,169621,134218,101926,36192,259314
11/24/20,170248,134699,102739,36675,261490
11/25/20,170871,135223,103597,37173,263717
11/26/20,171581,135715,104242,37688,265117
11/27/20,172140,136200,104873,38175,266737
11/28/20,172684,136696,105459,38676,268148
11/29/20,172917,137139,105655,39127,269192
11/30/20,173268,137621,105940,39491,270601
12/1/20,173953,138122,106765,40050,273099
12/2/20,174632,138648,107565,40630,275972
12/3/20,175393,139188,108173,41173,278878
12/4/20,176071,139700,108863,41730,281505
12/5/20,176718,140182,109456,42228,283901
12/6/20,177058,140573,109717,42675,285323
12/7/20,177483,140958,110074,43122,286953
12/8/20,178281,141360,110874,43674,289554
12/9/20,179134,141772,111655,44220,292513
12/10/20,179903,142185,112326,44769,295426
12/11/20,180564,142628,113019,45370,298758
12/12/20,181241,143019,113704,45923,301263
12/13/20,181536,143355,113953,46404,302831
12/14/20,182049,143709,114298,46846,304528
12/15/20,182983,144096,115099,47410,307426
12/16/20,183924,144451,115769,47994,311092
12/17/20,184985,144789,116487,48568,314505
12/18/20,185802,145136,117249,49170,317460
12/19/20,186461,145477,117876,49744,320197
12/20/20,186880,145810,118202,50242,321898
12/21/20,187441,146111,118598,50723,323724
12/22/20,188410,146444,119495,51274,327023
12/23/20,189375,146756,120311,51810,330326
12/24/20,190135,147092,121172,52434,333187
12/25/20,190617,147343,121837,52985,334690
12/26/20,190913,147622,122026,53539,336601
12/27/20,191250,147901,122426,54080,338068
12/28/20,191788,148153,122855,54559,339968
12/29/20,192839,148439,123845,55107,343506
12/30/20,194056,148738,124897,55692,347386
12/31/20,195072,148994,125807,56271,350604
1/1/21,195541,149218,126507,56798,352844
1/2/21,195834,149435,126851,57235,355436
1/3/21,196145,149649,127213,57730,356837
1/4/21,196742,149850,127757,58203,358853
1/5/21,197930,150114,128822,58706,362429
1/6/21,199161,150336,129987,59137,366299
1/7/21,200679,150570,131031,59628,370292
1/8/21,201760,150570,132069,60067,374520
1/9/21,202769,150999,133204,60523,377679
1/10/21,203259,151160,133706,60963,379769
1/11/21,203750,151327,134368,61389,381620
1/12/21,204875,151529,135682,61908,385969
1/13/21,206139,151727,136917,62463,389937
1/14/21,207293,151918,137916,63016,393717
1/15/21,208428,152093,139022,63558,397530
1/16/21,209442,152274,140241,64134,401080
1/17/21,209993,152419,140704,64601,403095
1/18/21,210469,152556,141248,65059,404678
1/19/21,211629,152718,142832,65632,407052
1/20/21,213024,152869,144371,66214,411457
1/21/21,214371,153032,146174,66810,415520
1/22/21,215442,153184,147614,67376,419286
1/23/21,216587,153339,149084,67919,422809
1/24/21,217182,153470,149614,68397,424638
1/25/21,217872,153587,150273,68841,426420
1/26/21,219027,153724,152016,69391,430433
1/27/21,220363,153847,153639,69971,434493
1/28/21,221801,154010,155145,70533,438259
1/29/21,222888,154147,156579,71054,441853
1/30/21,224080,154274,158074,71556,444670
1/31/21,224648,154392,158536,72029,446602
2/1/21,225271,154486,159100,72456,448381
2/2/21,226532,154596,159533,72982,451922
2/3/21,227731,154703,161240,73497,455778
2/4/21,229007,154823,161240,74005,459659
2/5/21,230258,154918,164290,74520,463316
2/6/21,231195,154996,165786,75010,466041
2/7/21,231684,155080,166200,75430,467504
2/8/21,232405,155158,166731,75828,468953
2/9/21,233720,155252,168432,76347,471978
2/10/21,235081,155360,169760,76873,475337
2/11/21,236523,155447,171234,77415,478492
2/12/21,237743,155550,172557,77911,481325
2/13/21,238768,155642,173771,78403,483578
2/14/21,239421,155732,174207,78825,484729
2/15/21,240032,155813,174657,79210,485675
2/16/21,241124,155913,175986,79659,487323
2/17/21,242313,156014,177061,80118,489731
2/18/21,243752,156111,178108,80587,492289
2/19/21,245083,156212,178965,81048,494810
2/20/21,246114,156302,179797,81517,496711
2/21/21,246720,156385,180107,81926,497922
2/22/21,247431,156463,180536,82255,499127
2/23/21,248790,156567,181809,82666,501384
2/24/21,250236,156705,182815,83044,504596
2/25/21,251811,156825,183692,83481,507105
2/26/21,253154,156938,184474,83900,509227
2/27/21,254406,157051,185257,84330,510739
2/28/21,255179,157157,185715,84700,511827
3/1/21,256007,157248,186152,85025,513045
3/2/21,257728,157346,187187,85458,514966
3/3/21,259576,157435,188044,85901,517540
3/4/21,261384,157548,188866,86368,519407
3/5/21,263098,157656,189578,86821,521179
3/6/21,264588,157756,190357,87253,522634
3/7/21,265686,157853,190604,87614,523337
3/8/21,266808,157930,190923,87985,524059
3/9/21,268759,158063,191789,88315,525818
3/10/21,271140,158189,192491,88773,527355
3/11/21,273335,158306,193152,89224,528896
3/12/21,275457,158446,193851,89701,530323
3/13/21,277413,158607,194490,90169,531333
3/14/21,278483,158725,194710,90558,531921
3/15/21,279817,158856,194944,90958,532570
3/16/21,282667,159044,195119,91395,533813
3/17/21,285328,159216,195908,91815,535007
3/18/21,288052,159370,196606,92266,536639
3/19/21,290708,159558,197219,92704,537659
3/20/21,293076,159755,197827,93090,538385
3/21/21,294323,159967,198036,93457,539089
3/22/21,295926,160166,198239,93812,539642
3/23/21,299073,160441,199048,94231,540614
3/24/21,301390,160692,199627,94624,542011
3/25/21,304044,160949,200211,95010,543355
3/26/21,307554,161240,200862,95410,544507
3/27/21,310963,161552,201429,95792,545311
3/28/21,312545,161843,201623,96123,545753
3/29/21,314558,162114,201832,96413,546387
3/30/21,318213,162468,202633,96817,547275
3/31/21,322138,162927,203210,97219,548349
4/1/21,325793,163396,203664,97594,549448
4/2/21,328594,164110,203854,97986,550345
4/3/21,330503,164623,204011,98363,551100
4/4/21,331745,165101,204147,98713,551412
4/5/21,333657,165547,204399,99049,551878
4/6/21,337725,166177,204985,99431,552706
4/7/21,341396,166862,205598,99800,555304
4/8/21,345544,167642,206146,100158,556312
4/9/21,349296,168436,207020,100554,557214
4/10/21,351674,169275,209212,100949,557972
4/11/21,353531,170179,209338,101282,558265
4/12/21,355242,171058,209702,101552,558720
4/13/21,358999,172085,210282,101882,559582
4/14/21,362444,173123,210812,102275,560515
4/15/21,365935,174308,211213,102667,561420
4/16/21,369272,175649,211693,103059,562291
4/17/21,372149,177150,212228,103451,563002
4/18/21,373671,178769,212339,103834,563355
4/19/21,375427,180530,212466,104173,563851
4/20/21,378774,182553,213048,104545,564688
4/21/21,381971,184657,213597,104937,565584
4/22/21,384022,186920,214095,105328,566523
4/23/21,387064,189544,214504,105718,567287
4/24/21,389830,192311,214853,106108,568037
4/25/21,391164,195123,214947,106434,568346
4/26/21,392544,197894,215113,106783,568824
4/27/21,395625,201187,215547,107167,569490
4/28/21,398637,204832,215918,107547,570473
4/29/21,401669,208330,216447,107902,571356
4/30/21,404530,211853,216907,108290,572156
5/1/21,406770,215542,217168,108675,572904
5/2/21,408036,218959,217233,109011,573232
5/3/21,409161,222408,217345,109341,573718
5/4/21,412140,226188,217740,109670,574560
5/5/21,414911,230168,218007,110022,575373
5/6/21,417447,234083,218173,110366,576169
5/7/21,419633,238270,218657,110735,576925
5/8/21,421715,242347,218928,111097,577564
5/9/21,422637,246116,218985,111425,577827
5/10/21,423748,249992,219089,111740,578229
5/11/21,425993,254197,219323,112063,578909
5/12/21,428574,258317,219590,112410,579676
5/13/21,430851,262317,219901,112795,580418
5/14/21,433038,266207,220159,113182,581049
5/15/21,435039,270284,220384,113541,581574
5/16/21,436100,274390,220437,113927,581842
5/17/21,437185,278719,220493,114263,582244
5/18/21,439636,283248,220746,114619,583024
5/19/21,442136,287122,220850,115003,583678
5/20/21,444647,291331,221080,115393,584363
5/21/21,446773,295525,221256,115764,584963
5/22/21,448499,299266,221597,116144,585451
5/23/21,449388,303720,221647,116497,585658
5/24/21,450250,307231,221695,116812,586095
5/25/21,452434,311388,221960,117197,586733
5/26/21,454897,315235,222232,117595,587719
5/27/21,456998,318895,222661,117990,589069
5/28/21,459424,322512,223072,118386,589604
5/29/21,461365,325972,223455,118781,589931
5/30/21,462278,329100,223507,119130,590079
5/31/21,463244,331895,223568,119464,590261
6/1/21,465578,335102,227840,119830,590904
6/2/21,468086,337989,228146,120217,591469
6/3/21,470000,340702,228362,120604,592098
6/4/21,471191,344082,228568,120974,592614
6/5/21,472861,346759,228758,121365,593200
6/6/21,473741,349186,228804,121711,593369
6/7/21,474890,351309,228838,122037,593676
6/8/21,477538,353528,229100,122409,593983
6/9/21,479930,355705,229353,122802,594458
6/10/21,482435,363079,229580,123178,594860
6/11/21,484612,367081,229823,123568,595386
6/12/21,486586,370384,230097,123961,595655
6/13/21,487706,374305,230150,124314,595767
6/14/21,488726,377031,230187,124681,595953
6/15/21,491411,379573,230428,125055,596276
6/16/21,494113,381903,230624,125443,596660
6/17/21,496427,383490,230792,125853,596959
6/18/21,498903,385137,230959,126300,597558
6/19/21,501108,386708,230959,126761,597728
6/20/21,502139,388135,231187,127206,597808
6/21/21,503120,389302,231244,127641,598069
6/22/21,505223,390660,231505,128180,598410
6/23/21,507488,391981,231847,128719,598796
6/24/21,509526,393310,232068,129278,599139
6/25/21,511534,394493,232346,129869,599667
6/26/21,513051,395751,232521,130479,599827
6/27/21,513772,396730,232564,131070,599903
6/28/21,514486,397637,232608,131671,600062
6/29/21,516424,398454,232803,132314,600390
6/30/21,518488,399459,233047,132973,600689
7/1/21,520420,400312,233248,133633,600972
7/2/21,522296,401050,233428,134302,601409
7/3/21,523932,402005,233580,134987,601494
7/4/21,524703,402728,233622,135637,601534
7/5/21,525492,403281,233689,136279,601654
7/6/21,527251,404211,233958,137005,601958
7/7/21,528836,405028,234192,137718,602285
7/8/21,530563,405939,234458,138441,602536
7/9/21,532035,407145,234675,139156,602999
7/10/21,533193,408040,234907,139896,603077
7/11/21,533758,408764,234969,140635,603196
7/12/21,534540,410784,235058,141335,603428
7/13/21,536199,411406,235277,142102,603783
7/14/21,537735,411989,235507,142877,604107
7/15/21,539344,412531,235740,143657,604462
7/16/21,540733,413091,236015,144446,604915
7/17/21,542004,413609,236240,145222,604987
7/18/21,542485,414108,236331,145975,605083
7/19/21,543153,414482,236469,146686,605281
7/20/21,544532,418480,236810,147457,605568
7/21/21,545932,418987,237207,148229,605932
7/22/21,547363,419470,237626,149012,606220
7/23/21,548654,420016,237626,149796,606772
7/24/21,549735,420551,238316,150583,606908
7/25/21,550214,420967,238424,151352,607012
7/26/21,550839,421382,238595,152069,607262
7/27/21,552128,422022,239079,152836,607719
7/28/21,553501,422662,239616,153620,608099
7/29/21,554842,423217,239997,154404,608418
7/30/21,555727,423810,240456,155180,609303
7/31/21,556676,424351,240906,155952,609480
8/1/21,557091,424773,241034,156726,609715
8/2/21,557635,425195,241279,157496,610087
8/3/21,558872,425757,241936,158263,610673
8/4/21,559944,426290,242547,159032,611222
8/5/21,561070,426754,243165,159803,611749
8/6/21,562029,427371,243733,160574,612880
8/7/21,563028,427862,244248,161343,613151
8/8/21,563417,428309,244420,162109,613291
8/9/21,563925,428682,244690,162860,613812
8/10/21,565193,429179,245476,163629,614634
8/11/21,566238,429669,246203,164413,615443
8/12/21,567254,430254,246811,165201,616474
8/13/21,568146,430732,247414,165996,617536
8/14/21,569058,431225,248167,166795,617815
8/15/21,569447,431642,248167,167595,618029
8/16/21,569861,432079,248652,168384,619076
8/17/21,570955,432519,249529,169169,620103
8/18/21,571945,433049,250469,169948,621307
8/19/21,572968,433589,251305,170716,623088
8/20/21,573862,433964,252080,171480,624543
8/21/21,574473,434367,252927,172257,625120
8/22/21,574806,434756,253155,173003,625343
8/23/21,575223,435110,253526,173768,626678
8/24/21,576082,435758,254466,174542,628114
8/25/21,576969,436365,255452,175328,629663
8/26/21,577840,436861,256287,176127,631881
8/27/21,578658,437370,257150,176904,633630
8/28/21,579287,437830,257906,177679,634284
8/29/21,579565,438210,258165,178457,634608
8/30/21,579883,438560,258491,179233,636323
8/31/21,580764,439020,259326,180009,637765
9/1/21,581461,439529,260503,180781,639812
9/2/21,582243,439895,261496,181560,642866
9/3/21,582983,440225,262221,182341,644805
9/4/21,583621,440533,262868,183117,645465
9/5/21,583892,440752,263140,183896,645892
9/6/21,584112,441042,263470,184672,646513
9/7/21,584439,441411,264541,185447,648608
9/8/21,584688,441749,265420,186224,650906
9/9/21,585512,442009,266150,186999,654131
9/10/21,586148,442317,266150,187768,656586
9/11/21,586817,442655,267524,188546,657428
9/12/21,587116,442874,267748,189319,657812
9/13/21,587400,443213,267969,190031,659965
9/14/21,588078,443497,269016,190793,661887
9/15/21,588879,443928,269913,191566,664619
9/16/21,589542,444248,270348,192340,668107
9/17/21,590180,444529,270538,193111,670569
9/18/21,590766,444838,270538,193891,671572
9/19/21,591014,445133,271503,194671,671980
9/20/21,591279,445385,271765,195438,674288
9/21/21,591952,445768,272580,196235,676730
9/22/21,592617,446050,273391,197032,679419
9/23/21,593246,446368,274139,197834,682726
9/24/21,593926,446658,274703,198644,685212
9/25/21,594466,446918,274703,199450,686064
9/26/21,594732,447194,275450,200245,686657
9/27/21,594926,447373,275676,201015,688910
9/28/21,595743,447751,276376,201854,691427
9/29/21,596424,448062,276973,202700,694065
9/30/21,597032,448339,277507,203549,696889
10/1/21,597522,448573,277978,204424,699021
10/2/21,597976,448817,278592,205297,699899
10/3/21,598202,448997,278592,206179,700438
10/4/21,598406,449260,279106,207056,702370
10/5/21,599090,449538,279106,207932,704254
10/6/21,599660,449856,279896,208842,706915
10/7/21,600088,450127,281121,209752,709384
10/8/21,600718,450375,281610,210673,711190
10/9/21,601134,450589,281610,211627,711644
10/10/21,601285,450782,282086,212576,712134
10/11/21,601492,450963,282227,213522,713317
10/12/21,601667,451189,282773,214476,715599
10/13/21,601873,451435,283193,215438,718784
10/14/21,602445,451814,283574,216403,720975
10/15/21,602952,451980,284008,217382,722797
10/16/21,603417,452124,284321,218362,723396
10/17/21,603545,452290,284381,219342,723875
10/18/21,603747,452454,284477,220323,725642
10/19/21,604126,452651,284925,221314,727570
10/20/21,604525,452811,285347,222320,730761
10/21/21,604991,453042,285669,223331,732782
10/22/21,605438,453708,285953,224369,734656
10/23/21,605788,454269,286259,225417,735231
10/24/21,605907,454712,286259,226464,735514
10/25/21,606114,455068,286496,227506,736970
10/26/21,606517,455653,286496,228581,738578
10/27/21,606952,456386,286888,229672,740630
10/28/21,607325,457191,287631,230786,742490
10/29/21,607733,457740,287951,231931,744224
10/30/21,607949,458186,288276,233063,744626
10/31/21,608082,458437,288365,234194,744886
11/1/21,608185,458880,288365,235318,746135
11/2/21,608337,459191,288464,236462,747442
11/3/21,608527,459652,288733,237619,749426
11/4/21,608961,459873,288887,238784,750627
11/5/21,609343,460265,289131,239943,752745
11/6/21,609646,460791,289674,241095,753255
11/7/21,609716,461057,289734,242241,753490
11/8/21,609836,461389,289734,243405,754690
11/9/21,610044,461849,290110,244588,756138
11/10/21,610313,462189,290110,245794,757827
11/11/21,610553,462690,290630,247000,758730
11/12/21,611174,463245,290630,248203,761178
11/13/21,611481,463530,290872,249415,761779
11/14/21,611546,463655,291089,250609,762010
11/15/21,611616,463852,291147,251796,763287
11/16/21,611759,464153,291204,253009,764606
11/17/21,612136,464623,291573,254229,766265
11/18/21,612408,465082,291929,255448,767600
11/19/21,612646,465349,291929,256669,769361
11/20/21,612853,465662,292145,257891,769836
11/21/21,612949,465911,292372,259107,770086
11/22/21,613075,466147,292524,260319,771332
11/23/21,613370,466584,292524,261526,772683
11/24/21,613641,466980,292850,262733,774382
11/25/21,613929,467468,293449,263934,774870
11/26/21,614234,467933,293614,265134,775259
11/27/21,614461,468554,293614,266337,775597
11/28/21,614541,468790,293859,267527,775875
11/29/21,614659,468980,293950,268705,777789
11/30/21,614985,469247,293950,269900,779427
12/1/21,615253,469724,294428,271091,781422
12/2/21,615449,470115,294428,272279,785362
12/3/21,615683,470530,294904,273463,786973
12/4/21,615829,470530,294904,274648,787674
12/5/21,615900,473537,295203,275824,788088
12/6/21,616032,473757,295313,276979,789514
12/7/21,616293,473952,295313,278131,791026
12/8/21,616533,474111,295602,279280,792849
12/9/21,616733,474479,296188,280427,794397
12/10/21,616961,474872,296188,281571,796150
12/11/21,617014,475434,296385,282713,796774
12/12/21,617096,475636,296620,283815,797146
12/13/21,617141,475888,296672,284909,798535
12/14/21,617254,476135,296721,286023,800046
12/15/21,617552,476478,297188,287135,802278
12/16/21,617675,476869,297356,288240,803547
12/17/21,617873,476869,297356,289292,805411
12/18/21,618011,477158,297568,290340,806092
12/19/21,618066,477554,297835,291336,806412
12/20/21,618149,478007,297916,292331,807959
12/21/21,618220,478325,297916,293329,809873
12/22/21,618366,478759,298161,294322,814058
12/23/21,618492,479133,298359,295296,815463
12/24/21,618655,479520,298670,296268,816153
12/25/21,618686,479682,298759,297223,816396
12/26/21,618732,479997,298759,298165,816768
12/27/21,618797,480290,298777,299077,818614
12/28/21,618978,480592,298819,299983,820895
12/29/21,619095,480860,298944,300886,823250
12/30/21,619249,481080,299132,301791,824737
12/31/21,619334,481486,299428,302671,825468
1/1/22,619367,481770,299525,303496,825870
1/2/22,619401,481893,299544,304284,826329
1/3/22,619473,482017,299581,305096,828234
1/4/22,619654,482551,299711,305906,830557
1/5/22,619654,482876,299842,306710,832782
1/6/22,619654,483178,299970,307488,834879
1/7/22,619822,483463,300101,308258,837319
1/8/22,619937,483790,300303,309041,838192
1/9/22,620251,483936,300334,309787,838813
1/10/22,620366,484213,300334,310513,840861
1/11/22,620507,484655,300574,311281,843380
1/12/22,620641,485035,300764,312010,846231
1/13/22,620830,485446,300912,312733,848792
1/14/22,621063,485752,300912,313458,851588
1/15/22,621233,486066,301334,314166,852597
1/16/22,621327,486451,301410,314838,853363
1/17/22,621478,486761,301469,315495,854402
1/18/22,621803,487202,301469,316168,857136
1/19/22,622125,487693,302112,316852,860621
1/20/22,622476,488396,302112,317523,863551
1/21/22,622875,488884,302721,318200,866932
1/22/22,623191,489409,302721,318869,867964
1/23/22,623370,489848,303183,319536,868706
1/24/22,623636,490462,303301,320178,870881
1/25/22,624129,491127,303776,320844,874038
1/26/22,624717,491700,303776,321484,877900
1/27/22,625390,492327,304308,322135,880520
1/28/22,626170,493198,305240,322796,884607
1/29/22,626870,494091,305762,323452,885821
1/30/22,627150,495050,305893,324060,886310
1/31/22,627589,496242,306091,324672,888905
2/1/22,628356,497975,306920,325321,892252
2/2/22,629301,498983,306920,325986,895867
2/3/22,630301,500055,307493,326642,898353
2/4/22,631265,501114,308829,327310,902482
2/5/22,632095,501979,309417,328014,903411
2/6/22,632514,502874,309546,328664,903881
2/7/22,632946,504062,309752,329264,906747
2/8/22,634118,505279,309884,329951,909748
2/9/22,635421,506520,310627,330609,913083
2/10/22,636338,507177,310627,331300,916336
2/11/22,637467,507981,311554,332010,919044
2/12/22,638346,508665,312697,332727,919870
2/13/22,638673,509011,312697,333421,920454
2/14/22,639151,509358,312819,334093,923630
2/15/22,640076,509872,312965,334785,926228
2/16/22,641096,510413,314128,335521,929413
2/17/22,642156,510905,314598,336299,932360
2/18/22,643340,511230,314598,337074,934862
2/19/22,644195,511903,315525,337860,935550
2/20/22,644592,512109,315688,338595,935998
2/21/22,644918,512344,315688,339319,936900
2/22/22,645735,512622,315786,340101,939072
2/23/22,646714,512924,316941,340872,942164
2/24/22,647703,513226,317303,341624,945120
2/25/22,648496,513481,317683,342397,947201
2/26/22,649184,513724,318014,343178,947965
2/27/22,649437,513843,318086,343934,948192
2/28/22,649676,514023,318149,344655,950322
3/1/22,649922,514246,318531,345427,952086
3/2/22,650254,514388,318531,346197,954185
3/3/22,650824,514589,318835,346967,955892
3/4/22,651522,514878,319296,347730,957610
3/5/22,652216,515036,319604,348467,957920
3/6/22,652438,515102,319859,349196,958135
3/7/22,652648,515210,319901,349853,959834
3/8/22,653134,515355,320166,350490,961251
3/9/22,653767,515459,320408,351124,963275
3/10/22,654380,515714,320607,351776,965037
3/11/22,654843,515803,320607,352437,966698
3/12/22,655234,515850,321054,353054,966978
3/13/22,655359,515877,321103,353635,967174
3/14/22,655557,515974,321115,354157,968469
3/15/22,655878,516072,321115,354702,969549
3/16/22,656231,516132,321375,355267,971397
3/17/22,656693,516281,321806,355816,972891
3/18/22,657098,516352,321806,356327,973940
3/19/22,657389,516479,321931,356812,974226
3/20/22,657495,516510,322072,357234,974314
3/21/22,657595,516543,322092,357634,975365
3/22/22,658005,516605,322119,358093,976139
3/23/22,658286,516672,322119,358510,977779
3/24/22,658600,516755,322277,358919,978646
3/25/22,658855,520855,322634,359307,979491
3/26/22,659046,521004,322634,359693,979641
3/27/22,659159,521035,322750,360021,979702
3/28/22,659227,521070,322761,360347,980722
3/29/22,659508,521101,322845,360674,981483
3/30/22,659769,521129,322845,361014,982627
3/31/22,660022,521181,323016,361348,983142
4/1/22,660265,521264,323127,361679,983972
4/2/22,660371,521345,323212,362008,984131
4/3/22,660410,521358,323223,362304,984191
4/4/22,660570,521416,323235,362581,984776
4/5/22,660786,521487,323318,362890,985286
4/6/22,660980,521530,323403,363175,986388
4/7/22,661228,521573,323508,363455,987245
4/8/22,661377,521656,323595,363731,987861
4/9/22,661475,521685,323691,364011,988030
4/10/22,661513,521691,323725,364265,988060
4/11/22,661576,521710,323727,364506,988386
4/12/22,661741,521736,323805,364779,988986
4/13/22,661904,521737,323848,365038,989914
4/14/22,662043,521743,323891,365285,990656
4/15/22,662154,521747,323903,365540,991096
4/16/22,662185,521751,323938,365774,991150
4/17/22,662207,521965,323944,366001,991162
4/18/22,662271,521966,323944,366209,991401
4/19/22,662396,522006,323973,366436,991855
4/20/22,662659,522062,324004,366654,992727
4/21/22,662751,522116,324033,366845,993140
4/22/22,662802,522149,324033,367036,993650
4/23/22,662855,522193,324120,367203,993718
4/24/22,662891,522223,324129,367366,993750
4/25/22,662964,522223,324134,367521,994013
4/26/22,663108,523654,324173,367692,994335
4/27/22,663350,523693,324221,367850,995120
4/28/22,663464,523753,324254,368011,995548
4/29/22,663649,523803,324294,368166,995954
4/30/22,663736,523843,324334,368319,996086
5/1/22,663752,523869,324334,368463,996109
5/2/22,663838,523889,324350,368595,996404
5/3/22,663930,523920,324334,368716,996857
5/4/22,663994,523975,324334,368840,998794
5/5/22,664131,524002,324334,368974,999094
5/6/22,664326,524024,324334,369106,999452
5/7/22,664361,524064,324334,369236,999663
5/8/22,664374,524093,324334,369350,999693
5/9/22,664426,524103,324465,369451,999943
5/10/22,664624,524157,324465,369548,1000269
5/11/22,664750,524181,324465,369644,1000942
5/12/22,664874,524190,324465,369752,1001255
5/13/22,665012,524201,324465,369855,1001456
5/14/22,665104,524214,324465,369961,1001522
5/15/22,665150,524241,324465,370057,1001559
5/16/22,665216,524260,324617,370145,1001802
5/17/22,665216,524293,324617,370252,1002197
5/18/22,665216,524303,324617,370354,1003147
5/19/22,665216,524323,324617,370449,1003504
5/20/22,665722,524348,324617,370542,1003903
5/21/22,665720,524413,324617,370642,1003998
5/22/22,665854,524459,324617,370721,1004045
5/23/22,665891,524490,324768,370795,1004289
5/24/22,666129,524507,324768,370882,1004633
5/25/22,666261,524525,324768,370972,1005711
5/26/22,666180,524539,324768,371061,1006078
5/27/22,666319,524572,324768,371141,1006602
5/28/22,666391,524586,324768,371223,1006649
5/29/22,666453,524611,324768,371306,1006668
5/30/22,666516,524630,324895,371378,1006710
5/31/22,666676,524636,324922,371464,1007077
6/1/22,666801,524641,324951,371546,1007741
6/2/22,666930,524651,324966,371628,1008082
6/3/22,666971,524677,324966,371703,1008454
6/4/22,666971,524692,325000,371781,1008638
6/5/22,666971,524701,325017,371854,1008672
6/6/22,667041,524708,325023,371915,1008951
6/7/22,667348,524715,325042,371986,1009432
6/8/22,667647,524723,325055,372062,1010606
6/9/22,667790,524747,325055,372136,1010927
6/10/22,667960,524757,325144,372205,1011287
6/11/22,668074,524761,325186,372276,1011404
6/12/22,668110,524771,325194,372338,1011434
6/13/22,668180,524777,325194,372392,1011705
6/14/22,668354,524792,325242,372452,1012089
6/15/22,668693,524803,325271,372515,1012785
6/16/22,668693,524817,325340,372579,1013234
6/17/22,668693,524840,325340,372642,1013551
6/18/22,668693,524855,325340,372707,1013594
6/19/22,668693,524873,325408,372769,1013648
6/20/22,669161,524890,325417,372821,1013720
6/21/22,669390,524903,325458,372880,1014196
6/22/22,669530,524941,325458,372943,1015038
6/23/22,669895,524954,325487,373010,1015431
6/24/22,670229,524974,325511,373075,1015863
6/25/22,670229,524999,325576,373134,1016028
6/26/22,670229,525020,325580,373189,1016050
6/27/22,670532,525047,325596,373240,1016347
6/28/22,670848,525077,325638,373297,1016924
6/29/22,670848,525116,325638,373349,1017630
6/30/22,671416,525139,325716,373404,1017377
7/1/22,671700,525168,325747,373456,1017872
7/2/22,671858,525199,325747,373505,1017929
7/3/22,671911,525223,325788,373552,1017937
7/4/22,672033,525242,325793,373595,1018017
7/5/22,672429,525270,325868,373640,1018479
7/6/22,672790,525305,325928,373683,1019225
7/7/22,673073,525343,325976,373732,1020315
7/8/22,673339,525386,325976,373779,1020798
7/9/22,673554,525428,326077,373821,1020897
7/10/22,673610,525454,326085,373859,1020929
7/11/22,673758,525474,326097,373896,1021386
7/12/22,674102,525519,326189,373942,1021965
7/13/22,674482,525557,326261,373983,1022921
7/14/22,674779,525604,326335,374024,1023316
7/15/22,675090,525660,326420,374062,1023808
7/16/22,675295,525709,326491,374102,1023880
7/17/22,675350,525760,326504,374147,1023934
7/18/22,675518,525785,326504,374182,1024368
7/19/22,675871,525821,326657,374223,1025002
7/20/22,676217,525866,326764,374259,1025888
7/21/22,676486,525930,326879,374298,1026400
7/22/22,676766,525997,326968,374338,1026948
7/23/22,676766,526033,327073,374374,1027050
7/24/22,676964,526074,327089,374411,1027082
7/25/22,677143,526110,327109,374444,1027505
7/26/22,677494,526167,327109,374490,1028057
7/27/22,677804,526212,327412,374523,1028991
7/28/22,678069,526258,327412,374563,1029420
7/29/22,678313,526312,327525,374602,1030024
7/30/22,678486,526357,327525,374645,1030075
7/31/22,678514,526396,327525,374683,1030088
8/1/22,678715,526430,327755,374719,1030654
8/2/22,679010,526477,327883,374765,1031173
8/3/22,679275,526530,328006,374807,1032217
8/4/22,679536,526600,328128,374849,1032881
8/5/22,679758,526649,328128,374895,1033568
8/6/22,679939,526689,328306,374940,1033641
8/7/22,679996,526689,328320,374983,1033673
8/8/22,680166,526772,328342,375027,1034167
8/9/22,680531,526826,328437,375085,1034816
8/10/22,680531,526879,328437,375140,1035729
8/11/22,681006,526928,328437,375192,1036318
8/12/22,681253,526996,328437,375248,1036933
8/13/22,681253,527037,328724,375306,1037019
8/14/22,681253,527069,328732,375360,1037036
8/15/22,681557,527098,328736,375413,1037498
8/16/22,681763,527134,328798,375470,1038018
8/17/22,682010,527206,328871,375532,1039085
8/18/22,682216,527253,328871,375594,1039734
8/19/22,682358,527289,328871,375658,1040298
8/20/22,682358,527332,328871,375725,1040373
8/21/22,682358,527368,328871,375788,1041161
8/22/22,682549,527416,328871,375845,1040905
8/23/22,682549,527452,329174,375912,1041521
8/24/22,683076,527488,329225,375983,1042451
8/25/22,683233,527556,329289,376052,1043101
8/26/22,683397,527597,329289,376131,1043771
8/27/22,683397,527754,329289,376219,1043843
8/28/22,683397,527799,329390,376301,1043863
8/29/22,683622,527799,329390,376377,1044338
8/30/22,683851,527799,329390,376469,1044749
8/31/22,683965,527911,329390,376558,1046240
9/1/22,683965,527932,329536,376653,1046956
9/2/22,684262,527965,329572,376743,1047407
9/3/22,684262,527991,329572,376832,1047475
9/4/22,684262,528007,329622,376918,1047489
9/5/22,684425,528030,329622,376994,1047578
9/6/22,684425,528057,329652,377088,1048183
9/7/22,684425,528090,329652,377180,1048962
9/8/22,684425,528121,329652,377273,1049673
9/9/22,684813,528139,329652,377368,1050179
9/10/22,684813,528150,329736,377462,1050261
9/11/22,684813,528165,329762,377548,1050282
9/12/22,684898,528185,329761,377629,1050733
9/13/22,685002,528216,329767,377728,1051261
9/14/22,685121,528250,329767,377823,1052202
9/15/22,685203,528273,329767,377921,1052896
9/16/22,685203,528302,329767,378029,1053302
9/17/22,685203,528337,329895,378134,1053361
9/18/22,685203,528355,329895,378234,1053385
9/19/22,685424,528370,329895,378324,1053774
9/20/22,685428,528403,329920,378419,1054223
9/21/22,685428,528429,329949,378524,1055189
9/22/22,685677,528449,329949,378628,1055879
9/23/22,685750,528487,330017,378730,1056276
9/24/22,685750,528510,330043,378840,1056358
9/25/22,685750,528530,330043,378935,1056376
9/26/22,685835,528562,330046,379019,1056741
9/27/22,685835,528584,330046,379120,1057193
9/28/22,685927,528611,330046,379227,1058461
9/29/22,685927,528629,330101,379334,1059187
9/30/22,686036,528655,330112,379438,1059507
10/1/22,686036,528673,330131,379539,1059542
10/2/22,686036,528701,330131,379635,1059560
10/3/22,686371,528716,330139,379725,1059851
10/4/22,686371,528733,330139,379829,1060356
10/5/22,686573,528745,330139,379941,1061382
10/6/22,686706,528754,330139,380048,1062009
10/7/22,686706,528778,330202,380151,1062409
10/8/22,686706,528799,330202,380255,1062461
10/9/22,686706,528814,330208,380356,1062473
10/10/22,686877,528822,330208,380451,1062608
10/11/22,686963,528835,330233,380556,1063218
10/12/22,686963,528847,330250,380658,1063988
10/13/22,687069,528857,330254,380757,1064579
10/14/22,687144,528874,330254,380854,1064910
10/15/22,687144,528895,330277,380950,1064952
10/16/22,687144,528905,330277,381043,1064963
10/17/22,687144,528913,330279,381134,1065300
10/18/22,687144,528923,330279,381224,1065737
10/19/22,687423,528943,330279,381314,1066447
10/20/22,687423,528953,330305,381402,1067052
10/21/22,687527,528957,330320,381494,1067633
10/22/22,687527,528961,330320,381582,1067656
10/23/22,687527,528977,330331,381670,1067668
10/24/22,687574,528980,330331,381758,1067877
10/25/22,687710,528981,330341,381841,1068312
10/26/22,687907,528987,330353,381920,1069412
10/27/22,687962,528999,330353,382002,1070006
10/28/22,687962,529008,330353,382079,1070198
10/29/22,687962,529016,330353,382157,1070235
10/30/22,687962,529024,330376,382231,1070244
10/31/22,688157,529077,330392,382302,1070376
11/1/22,688219,530452,330392,382372,1070821
11/2/22,688219,530461,330410,382438,1071544
11/3/22,688267,530479,330410,382510,1072189
11/4/22,688332,530486,330424,382578,1072544
11/5/22,688332,530500,330424,382644,1072577
11/6/22,688332,530509,330424,382705,1072597
11/7/22,688395,530509,330406,382765,1072731
11/8/22,688395,530509,330406,382828,1072952
11/9/22,688395,530509,330417,382890,1073860
11/10/22,688607,530520,330430,382949,1074452
11/11/22,688656,530528,330430,383014,1074508
11/12/22,688656,530531,330430,383075,1074513
11/13/22,688656,530532,330430,383134,1074526
11/14/22,688656,530533,330444,383195,1074780
11/15/22,688656,530535,330444,383258,1075182
11/16/22,688764,530546,330444,383320,1075982
11/17/22,688835,530553,330444,383381,1076510
11/18/22,688907,530570,330444,383441,1077020
11/19/22,688907,530574,330444,383503,1077043
11/20/22,688907,530586,330444,383562,1077063
11/21/22,688907,530591,330444,383617,1077274
11/22/22,689155,530596,330493,383676,1077840
11/23/22,689272,530601,330495,383728,1078826
11/24/22,689342,530604,330495,383785,1079015
11/25/22,689442,530608,330495,383841,1079169
11/26/22,689442,530612,330495,383892,1079183
11/27/22,689442,530614,330495,383943,1079196
11/28/22,689442,530615,330495,383993,1079494
11/29/22,689665,530620,330495,384044,1079906
11/30/22,689665,530622,330495,384103,1080466
12/1/22,689945,530624,330525,384159,1081153
12/2/22,690074,530627,330525,384215,1081465
12/3/22,690074,530628,330525,384272,1081494
12/4/22,690074,530630,330525,384327,1081505
12/5/22,690229,530633,330592,384379,1081728
12/6/22,690229,530638,330602,384437,1082333
12/7/22,690229,530647,330633,384494,1083338
12/8/22,690677,530653,330667,384546,1084230
12/9/22,690677,530654,330667,384597,1084429
12/10/22,690677,530658,330667,384650,1084462
12/11/22,690677,530658,330667,384700,1084473
12/12/22,691015,530658,330701,384749,1084701
12/13/22,691178,530658,330729,384807,1085296
12/14/22,691449,530663,330729,384861,1086179
12/15/22,691652,530663,330743,384916,1087000
12/16/22,691810,530667,330743,384974,1087425
12/17/22,691810,530672,330795,385032,1087451
12/18/22,691810,530674,330795,385083,1087473
12/19/22,692041,530677,330805,385133,1087755
12/20/22,692280,530680,330834,385189,1088341
12/21/22,692461,530681,330834,385248,1089383
12/22/22,692652,530690,330834,385302,1089979
12/23/22,692652,530691,330834,385358,1090186
12/24/22,692652,530693,331013,385411,1090208
12/25/22,692652,530695,331013,385463,1090223
12/26/22,692969,530696,331021,385513,1090252
12/27/22,693199,530696,331071,385571,1090608
12/28/22,693562,530698,331105,385626,1091598
12/29/22,693734,530699,331099,385682,1092522
12/30/22,693853,530702,331099,385732,1092738
12/31/22,693853,530705,331099,385789,1092764
1/1/23,693853,530707,331099,385839,1092779
1/2/23,693981,530707,331099,385881,1092801
1/3/23,693981,530707,331197,385927,1093208
1/4/23,694411,530710,331206,385971,1094493
1/5/23,694411,530714,331206,386017,1095335
1/6/23,694779,530718,331263,386057,1095789
1/7/23,694779,530720,331263,386105,1095815
1/8/23,694779,530721,331324,386150,1095832
1/9/23,694779,530722,331324,386191,1096132
1/10/23,694985,530722,331333,386237,1097024
1/11/23,695088,530723,331333,386283,1098854
1/12/23,695236,530725,331407,386329,1099574
1/13/23,695317,530726,331510,386375,1099954
1/14/23,695341,530726,331510,386419,1100006
1/15/23,695343,530726,331595,386460,1100023
1/16/23,695410,530726,331595,386498,1100068
1/17/23,695524,530728,331605,386542,1100812
1/18/23,695615,530728,331605,386588,1102393
1/19/23,695615,530728,331605,386626,1103712
1/20/23,696188,530730,331829,386666,1104154
1/21/23,696254,530733,331870,386708,1104178
1/22/23,696257,530735,331881,386748,1104191
1/23/23,696324,530737,331897,386789,1104505
1/24/23,696485,530737,331955,386829,1105308
1/25/23,696603,530738,331955,386872,1106676
1/26/23,696603,530739,332026,386911,1107559
1/27/23,696742,530739,332087,386952,1107661
1/28/23,696742,530740,332087,386992,1107676
1/29/23,696759,530740,332190,387031,1107690
1/30/23,696892,530740,332190,387069,1107918
1/31/23,697074,530740,332198,387113,1108688
2/1/23,697200,530741,332324,387153,1109996
2/2/23,697200,530741,332324,387193,1111159
2/3/23,697353,530745,332393,387239,1111679
2/4/23,697365,530745,332393,387279,1111696
2/5/23,697365,530745,332475,387324,1111698
2/6/23,697439,530745,332479,387364,1111890
2/7/23,697533,530746,332479,387406,1112362
2/8/23,697626,530748,332483,387449,1113429
2/9/23,697663,530750,332580,387489,1114385
2/10/23,697620,530750,332580,387526,1114492
2/11/23,697662,530750,332580,387560,1114529
2/12/23,697674,530753,332580,387590,1114537
2/13/23,697762,530753,332580,387620,1114709
2/14/23,697762,530756,332653,387654,1115160
2/15/23,697904,530757,332695,387689,1115741
2/16/23,698018,530757,332695,387725,1116851
2/17/23,698018,530757,332695,387762,1117572
2/18/23,698050,530760,332695,387797,1117589
2/19/23,698050,530761,332839,387832,1117590
2/20/23,698050,530761,332839,387861,1117663
2/21/23,698050,530762,332850,387899,1118025
2/22/23,698382,530763,332885,387932,1118886
2/23/23,698834,530764,332938,387969,1119521
2/24/23,698928,530764,332938,388000,1119573
2/25/23,698928,530769,332938,388033,1119587
2/26/23,698928,530770,332986,388063,1119588
2/27/23,699006,530771,332986,388091,1119582
2/28/23,699087,530772,332988,388126,1119917
3/1/23,699197,530772,333038,388163,1120897
3/2/23,699197,530772,333038,388201,1121658
3/3/23,699276,530775,333038,388240,1122165
3/4/23,699276,530775,333096,388278,1122172
3/5/23,699276,530775,333100,388320,1122134
3/6/23,699276,530775,333100,388355,1122181
3/7/23,699276,530775,333136,388396,1122516
3/8/23,699276,530776,333170,388440,1123246
3/9/23,699276,530779,333188,388478,1123836
